{
  "problems": {
    "RandomUnknown_0": {
      "positive_examples": [
        "http://www.example.org/lymphography#4",
        "http://www.example.org/lymphography#17",
        "http://www.example.org/lymphography#139",
        "http://www.example.org/lymphography#120",
        "http://www.example.org/lymphography#91",
        "http://www.example.org/lymphography#5",
        "http://www.example.org/lymphography#82",
        "http://www.example.org/lymphography#6",
        "http://www.example.org/lymphography#94",
        "http://www.example.org/lymphography#26"
      ],
      "negative_examples": [
        "http://www.example.org/lymphography#17",
        "http://www.example.org/lymphography#111",
        "http://www.example.org/lymphography#88",
        "http://www.example.org/lymphography#35",
        "http://www.example.org/lymphography#115",
        "http://www.example.org/lymphography#12",
        "http://www.example.org/lymphography#129",
        "http://www.example.org/lymphography#47",
        "http://www.example.org/lymphography#29",
        "http://www.example.org/lymphography#81"
      ]
    },
    "RandomUnknown_1": {
      "positive_examples": [
        "http://www.example.org/lymphography#113",
        "http://www.example.org/lymphography#97",
        "http://www.example.org/lymphography#39",
        "http://www.example.org/lymphography#99",
        "http://www.example.org/lymphography#20",
        "http://www.example.org/lymphography#64",
        "http://www.example.org/lymphography#133",
        "http://www.example.org/lymphography#119",
        "http://www.example.org/lymphography#42",
        "http://www.example.org/lymphography#11"
      ],
      "negative_examples": [
        "http://www.example.org/lymphography#21",
        "http://www.example.org/lymphography#23",
        "http://www.example.org/lymphography#2",
        "http://www.example.org/lymphography#9",
        "http://www.example.org/lymphography#144",
        "http://www.example.org/lymphography#130",
        "http://www.example.org/lymphography#108",
        "http://www.example.org/lymphography#71",
        "http://www.example.org/lymphography#48",
        "http://www.example.org/lymphography#11"
      ]
    },
    "RandomUnknown_2": {
      "positive_examples": [
        "http://www.example.org/lymphography#18",
        "http://www.example.org/lymphography#17",
        "http://www.example.org/lymphography#70",
        "http://www.example.org/lymphography#50",
        "http://www.example.org/lymphography#79",
        "http://www.example.org/lymphography#52",
        "http://www.example.org/lymphography#82",
        "http://www.example.org/lymphography#30",
        "http://www.example.org/lymphography#94",
        "http://www.example.org/lymphography#72"
      ],
      "negative_examples": [
        "http://www.example.org/lymphography#39",
        "http://www.example.org/lymphography#21",
        "http://www.example.org/lymphography#137",
        "http://www.example.org/lymphography#124",
        "http://www.example.org/lymphography#85",
        "http://www.example.org/lymphography#76",
        "http://www.example.org/lymphography#80",
        "http://www.example.org/lymphography#125",
        "http://www.example.org/lymphography#71",
        "http://www.example.org/lymphography#95"
      ]
    },
    "RandomUnknown_3": {
      "positive_examples": [
        "http://www.example.org/lymphography#139",
        "http://www.example.org/lymphography#113",
        "http://www.example.org/lymphography#117",
        "http://www.example.org/lymphography#61",
        "http://www.example.org/lymphography#12",
        "http://www.example.org/lymphography#147",
        "http://www.example.org/lymphography#8",
        "http://www.example.org/lymphography#81",
        "http://www.example.org/lymphography#89",
        "http://www.example.org/lymphography#116"
      ],
      "negative_examples": [
        "http://www.example.org/lymphography#40",
        "http://www.example.org/lymphography#36",
        "http://www.example.org/lymphography#35",
        "http://www.example.org/lymphography#50",
        "http://www.example.org/lymphography#142",
        "http://www.example.org/lymphography#33",
        "http://www.example.org/lymphography#22",
        "http://www.example.org/lymphography#125",
        "http://www.example.org/lymphography#74",
        "http://www.example.org/lymphography#11"
      ]
    },
    "RandomUnknown_4": {
      "positive_examples": [
        "http://www.example.org/lymphography#18",
        "http://www.example.org/lymphography#143",
        "http://www.example.org/lymphography#34",
        "http://www.example.org/lymphography#131",
        "http://www.example.org/lymphography#91",
        "http://www.example.org/lymphography#144",
        "http://www.example.org/lymphography#61",
        "http://www.example.org/lymphography#73",
        "http://www.example.org/lymphography#82",
        "http://www.example.org/lymphography#62"
      ],
      "negative_examples": [
        "http://www.example.org/lymphography#66",
        "http://www.example.org/lymphography#31",
        "http://www.example.org/lymphography#131",
        "http://www.example.org/lymphography#88",
        "http://www.example.org/lymphography#102",
        "http://www.example.org/lymphography#76",
        "http://www.example.org/lymphography#16",
        "http://www.example.org/lymphography#22",
        "http://www.example.org/lymphography#3",
        "http://www.example.org/lymphography#134"
      ]
    },
    "RandomUnknown_5": {
      "positive_examples": [
        "http://www.example.org/lymphography#93",
        "http://www.example.org/lymphography#39",
        "http://www.example.org/lymphography#24",
        "http://www.example.org/lymphography#2",
        "http://www.example.org/lymphography#130",
        "http://www.example.org/lymphography#126",
        "http://www.example.org/lymphography#32",
        "http://www.example.org/lymphography#109",
        "http://www.example.org/lymphography#145",
        "http://www.example.org/lymphography#59"
      ],
      "negative_examples": [
        "http://www.example.org/lymphography#66",
        "http://www.example.org/lymphography#25",
        "http://www.example.org/lymphography#132",
        "http://www.example.org/lymphography#111",
        "http://www.example.org/lymphography#102",
        "http://www.example.org/lymphography#148",
        "http://www.example.org/lymphography#63",
        "http://www.example.org/lymphography#101",
        "http://www.example.org/lymphography#43",
        "http://www.example.org/lymphography#13"
      ]
    },
    "RandomUnknown_6": {
      "positive_examples": [
        "http://www.example.org/lymphography#138",
        "http://www.example.org/lymphography#52",
        "http://www.example.org/lymphography#106",
        "http://www.example.org/lymphography#73",
        "http://www.example.org/lymphography#100",
        "http://www.example.org/lymphography#28",
        "http://www.example.org/lymphography#3",
        "http://www.example.org/lymphography#145",
        "http://www.example.org/lymphography#72",
        "http://www.example.org/lymphography#112"
      ],
      "negative_examples": [
        "http://www.example.org/lymphography#60",
        "http://www.example.org/lymphography#31",
        "http://www.example.org/lymphography#132",
        "http://www.example.org/lymphography#99",
        "http://www.example.org/lymphography#2",
        "http://www.example.org/lymphography#114",
        "http://www.example.org/lymphography#22",
        "http://www.example.org/lymphography#141",
        "http://www.example.org/lymphography#94",
        "http://www.example.org/lymphography#72"
      ]
    },
    "RandomUnknown_7": {
      "positive_examples": [
        "http://www.example.org/lymphography#139",
        "http://www.example.org/lymphography#64",
        "http://www.example.org/lymphography#55",
        "http://www.example.org/lymphography#78",
        "http://www.example.org/lymphography#80",
        "http://www.example.org/lymphography#144",
        "http://www.example.org/lymphography#43",
        "http://www.example.org/lymphography#8",
        "http://www.example.org/lymphography#86",
        "http://www.example.org/lymphography#95"
      ],
      "negative_examples": [
        "http://www.example.org/lymphography#96",
        "http://www.example.org/lymphography#83",
        "http://www.example.org/lymphography#21",
        "http://www.example.org/lymphography#56",
        "http://www.example.org/lymphography#14",
        "http://www.example.org/lymphography#73",
        "http://www.example.org/lymphography#7",
        "http://www.example.org/lymphography#74",
        "http://www.example.org/lymphography#94",
        "http://www.example.org/lymphography#11"
      ]
    },
    "RandomUnknown_8": {
      "positive_examples": [
        "http://www.example.org/lymphography#60",
        "http://www.example.org/lymphography#35",
        "http://www.example.org/lymphography#19",
        "http://www.example.org/lymphography#91",
        "http://www.example.org/lymphography#23",
        "http://www.example.org/lymphography#5",
        "http://www.example.org/lymphography#101",
        "http://www.example.org/lymphography#6",
        "http://www.example.org/lymphography#26",
        "http://www.example.org/lymphography#140"
      ],
      "negative_examples": [
        "http://www.example.org/lymphography#89",
        "http://www.example.org/lymphography#31",
        "http://www.example.org/lymphography#102",
        "http://www.example.org/lymphography#121",
        "http://www.example.org/lymphography#104",
        "http://www.example.org/lymphography#23",
        "http://www.example.org/lymphography#56",
        "http://www.example.org/lymphography#53",
        "http://www.example.org/lymphography#81",
        "http://www.example.org/lymphography#146"
      ]
    },
    "RandomUnknown_9": {
      "positive_examples": [
        "http://www.example.org/lymphography#93",
        "http://www.example.org/lymphography#137",
        "http://www.example.org/lymphography#148",
        "http://www.example.org/lymphography#138",
        "http://www.example.org/lymphography#15",
        "http://www.example.org/lymphography#130",
        "http://www.example.org/lymphography#114",
        "http://www.example.org/lymphography#7",
        "http://www.example.org/lymphography#54",
        "http://www.example.org/lymphography#29"
      ],
      "negative_examples": [
        "http://www.example.org/lymphography#117",
        "http://www.example.org/lymphography#118",
        "http://www.example.org/lymphography#83",
        "http://www.example.org/lymphography#91",
        "http://www.example.org/lymphography#87",
        "http://www.example.org/lymphography#38",
        "http://www.example.org/lymphography#3",
        "http://www.example.org/lymphography#68",
        "http://www.example.org/lymphography#135",
        "http://www.example.org/lymphography#11"
      ]
    },
    "RandomUnknown_10": {
      "positive_examples": [
        "http://www.example.org/lymphography#4",
        "http://www.example.org/lymphography#97",
        "http://www.example.org/lymphography#128",
        "http://www.example.org/lymphography#19",
        "http://www.example.org/lymphography#23",
        "http://www.example.org/lymphography#105",
        "http://www.example.org/lymphography#106",
        "http://www.example.org/lymphography#126",
        "http://www.example.org/lymphography#32",
        "http://www.example.org/lymphography#112"
      ],
      "negative_examples": [
        "http://www.example.org/lymphography#10",
        "http://www.example.org/lymphography#40",
        "http://www.example.org/lymphography#96",
        "http://www.example.org/lymphography#35",
        "http://www.example.org/lymphography#19",
        "http://www.example.org/lymphography#61",
        "http://www.example.org/lymphography#103",
        "http://www.example.org/lymphography#28",
        "http://www.example.org/lymphography#81",
        "http://www.example.org/lymphography#45"
      ]
    },
    "RandomUnknown_11": {
      "positive_examples": [
        "http://www.example.org/lymphography#60",
        "http://www.example.org/lymphography#70",
        "http://www.example.org/lymphography#104",
        "http://www.example.org/lymphography#146",
        "http://www.example.org/lymphography#78",
        "http://www.example.org/lymphography#12",
        "http://www.example.org/lymphography#84",
        "http://www.example.org/lymphography#125",
        "http://www.example.org/lymphography#26",
        "http://www.example.org/lymphography#122"
      ],
      "negative_examples": [
        "http://www.example.org/lymphography#42",
        "http://www.example.org/lymphography#124",
        "http://www.example.org/lymphography#138",
        "http://www.example.org/lymphography#126",
        "http://www.example.org/lymphography#33",
        "http://www.example.org/lymphography#54",
        "http://www.example.org/lymphography#141",
        "http://www.example.org/lymphography#13",
        "http://www.example.org/lymphography#116",
        "http://www.example.org/lymphography#83"
      ]
    },
    "RandomUnknown_12": {
      "positive_examples": [
        "http://www.example.org/lymphography#92",
        "http://www.example.org/lymphography#132",
        "http://www.example.org/lymphography#104",
        "http://www.example.org/lymphography#67",
        "http://www.example.org/lymphography#15",
        "http://www.example.org/lymphography#147",
        "http://www.example.org/lymphography#108",
        "http://www.example.org/lymphography#43",
        "http://www.example.org/lymphography#29",
        "http://www.example.org/lymphography#109"
      ],
      "negative_examples": [
        "http://www.example.org/lymphography#111",
        "http://www.example.org/lymphography#107",
        "http://www.example.org/lymphography#16",
        "http://www.example.org/lymphography#7",
        "http://www.example.org/lymphography#49",
        "http://www.example.org/lymphography#47",
        "http://www.example.org/lymphography#108",
        "http://www.example.org/lymphography#3",
        "http://www.example.org/lymphography#141",
        "http://www.example.org/lymphography#94"
      ]
    },
    "RandomUnknown_13": {
      "positive_examples": [
        "http://www.example.org/lymphography#40",
        "http://www.example.org/lymphography#48",
        "http://www.example.org/lymphography#87",
        "http://www.example.org/lymphography#77",
        "http://www.example.org/lymphography#5",
        "http://www.example.org/lymphography#68",
        "http://www.example.org/lymphography#42",
        "http://www.example.org/lymphography#86",
        "http://www.example.org/lymphography#89",
        "http://www.example.org/lymphography#74"
      ],
      "negative_examples": [
        "http://www.example.org/lymphography#117",
        "http://www.example.org/lymphography#60",
        "http://www.example.org/lymphography#10",
        "http://www.example.org/lymphography#132",
        "http://www.example.org/lymphography#37",
        "http://www.example.org/lymphography#20",
        "http://www.example.org/lymphography#73",
        "http://www.example.org/lymphography#30",
        "http://www.example.org/lymphography#109",
        "http://www.example.org/lymphography#83"
      ]
    },
    "RandomUnknown_14": {
      "positive_examples": [
        "http://www.example.org/lymphography#98",
        "http://www.example.org/lymphography#96",
        "http://www.example.org/lymphography#137",
        "http://www.example.org/lymphography#91",
        "http://www.example.org/lymphography#76",
        "http://www.example.org/lymphography#133",
        "http://www.example.org/lymphography#112",
        "http://www.example.org/lymphography#6",
        "http://www.example.org/lymphography#116",
        "http://www.example.org/lymphography#45"
      ],
      "negative_examples": [
        "http://www.example.org/lymphography#66",
        "http://www.example.org/lymphography#92",
        "http://www.example.org/lymphography#31",
        "http://www.example.org/lymphography#19",
        "http://www.example.org/lymphography#15",
        "http://www.example.org/lymphography#52",
        "http://www.example.org/lymphography#32",
        "http://www.example.org/lymphography#71",
        "http://www.example.org/lymphography#86",
        "http://www.example.org/lymphography#55"
      ]
    },
    "RandomUnknown_15": {
      "positive_examples": [
        "http://www.example.org/lymphography#66",
        "http://www.example.org/lymphography#83",
        "http://www.example.org/lymphography#39",
        "http://www.example.org/lymphography#5",
        "http://www.example.org/lymphography#126",
        "http://www.example.org/lymphography#108",
        "http://www.example.org/lymphography#1",
        "http://www.example.org/lymphography#54",
        "http://www.example.org/lymphography#42",
        "http://www.example.org/lymphography#112"
      ],
      "negative_examples": [
        "http://www.example.org/lymphography#90",
        "http://www.example.org/lymphography#96",
        "http://www.example.org/lymphography#37",
        "http://www.example.org/lymphography#148",
        "http://www.example.org/lymphography#23",
        "http://www.example.org/lymphography#12",
        "http://www.example.org/lymphography#54",
        "http://www.example.org/lymphography#42",
        "http://www.example.org/lymphography#145",
        "http://www.example.org/lymphography#146"
      ]
    },
    "RandomUnknown_16": {
      "positive_examples": [
        "http://www.example.org/lymphography#117",
        "http://www.example.org/lymphography#148",
        "http://www.example.org/lymphography#24",
        "http://www.example.org/lymphography#76",
        "http://www.example.org/lymphography#16",
        "http://www.example.org/lymphography#147",
        "http://www.example.org/lymphography#54",
        "http://www.example.org/lymphography#29",
        "http://www.example.org/lymphography#125",
        "http://www.example.org/lymphography#116"
      ],
      "negative_examples": [
        "http://www.example.org/lymphography#10",
        "http://www.example.org/lymphography#85",
        "http://www.example.org/lymphography#24",
        "http://www.example.org/lymphography#124",
        "http://www.example.org/lymphography#138",
        "http://www.example.org/lymphography#9",
        "http://www.example.org/lymphography#119",
        "http://www.example.org/lymphography#101",
        "http://www.example.org/lymphography#74",
        "http://www.example.org/lymphography#42"
      ]
    },
    "RandomUnknown_17": {
      "positive_examples": [
        "http://www.example.org/lymphography#10",
        "http://www.example.org/lymphography#99",
        "http://www.example.org/lymphography#79",
        "http://www.example.org/lymphography#73",
        "http://www.example.org/lymphography#112",
        "http://www.example.org/lymphography#28",
        "http://www.example.org/lymphography#113",
        "http://www.example.org/lymphography#122",
        "http://www.example.org/lymphography#116",
        "http://www.example.org/lymphography#44"
      ],
      "negative_examples": [
        "http://www.example.org/lymphography#25",
        "http://www.example.org/lymphography#31",
        "http://www.example.org/lymphography#93",
        "http://www.example.org/lymphography#128",
        "http://www.example.org/lymphography#104",
        "http://www.example.org/lymphography#52",
        "http://www.example.org/lymphography#12",
        "http://www.example.org/lymphography#147",
        "http://www.example.org/lymphography#7",
        "http://www.example.org/lymphography#28"
      ]
    },
    "RandomUnknown_18": {
      "positive_examples": [
        "http://www.example.org/lymphography#118",
        "http://www.example.org/lymphography#88",
        "http://www.example.org/lymphography#70",
        "http://www.example.org/lymphography#99",
        "http://www.example.org/lymphography#15",
        "http://www.example.org/lymphography#107",
        "http://www.example.org/lymphography#2",
        "http://www.example.org/lymphography#22",
        "http://www.example.org/lymphography#71",
        "http://www.example.org/lymphography#116"
      ],
      "negative_examples": [
        "http://www.example.org/lymphography#97",
        "http://www.example.org/lymphography#118",
        "http://www.example.org/lymphography#19",
        "http://www.example.org/lymphography#115",
        "http://www.example.org/lymphography#56",
        "http://www.example.org/lymphography#81",
        "http://www.example.org/lymphography#33",
        "http://www.example.org/lymphography#27",
        "http://www.example.org/lymphography#26",
        "http://www.example.org/lymphography#45"
      ]
    },
    "RandomUnknown_19": {
      "positive_examples": [
        "http://www.example.org/lymphography#139",
        "http://www.example.org/lymphography#89",
        "http://www.example.org/lymphography#115",
        "http://www.example.org/lymphography#87",
        "http://www.example.org/lymphography#107",
        "http://www.example.org/lymphography#103",
        "http://www.example.org/lymphography#57",
        "http://www.example.org/lymphography#129",
        "http://www.example.org/lymphography#146",
        "http://www.example.org/lymphography#11"
      ],
      "negative_examples": [
        "http://www.example.org/lymphography#65",
        "http://www.example.org/lymphography#93",
        "http://www.example.org/lymphography#50",
        "http://www.example.org/lymphography#124",
        "http://www.example.org/lymphography#106",
        "http://www.example.org/lymphography#27",
        "http://www.example.org/lymphography#74",
        "http://www.example.org/lymphography#81",
        "http://www.example.org/lymphography#145",
        "http://www.example.org/lymphography#89"
      ]
    },
    "RandomUnknown_20": {
      "positive_examples": [
        "http://www.example.org/lymphography#128",
        "http://www.example.org/lymphography#91",
        "http://www.example.org/lymphography#76",
        "http://www.example.org/lymphography#105",
        "http://www.example.org/lymphography#147",
        "http://www.example.org/lymphography#126",
        "http://www.example.org/lymphography#84",
        "http://www.example.org/lymphography#119",
        "http://www.example.org/lymphography#3",
        "http://www.example.org/lymphography#134"
      ],
      "negative_examples": [
        "http://www.example.org/lymphography#90",
        "http://www.example.org/lymphography#117",
        "http://www.example.org/lymphography#10",
        "http://www.example.org/lymphography#97",
        "http://www.example.org/lymphography#39",
        "http://www.example.org/lymphography#19",
        "http://www.example.org/lymphography#64",
        "http://www.example.org/lymphography#85",
        "http://www.example.org/lymphography#69",
        "http://www.example.org/lymphography#134"
      ]
    },
    "RandomUnknown_21": {
      "positive_examples": [
        "http://www.example.org/lymphography#102",
        "http://www.example.org/lymphography#37",
        "http://www.example.org/lymphography#148",
        "http://www.example.org/lymphography#144",
        "http://www.example.org/lymphography#9",
        "http://www.example.org/lymphography#49",
        "http://www.example.org/lymphography#22",
        "http://www.example.org/lymphography#125",
        "http://www.example.org/lymphography#6",
        "http://www.example.org/lymphography#72"
      ],
      "negative_examples": [
        "http://www.example.org/lymphography#117",
        "http://www.example.org/lymphography#39",
        "http://www.example.org/lymphography#85",
        "http://www.example.org/lymphography#51",
        "http://www.example.org/lymphography#15",
        "http://www.example.org/lymphography#52",
        "http://www.example.org/lymphography#130",
        "http://www.example.org/lymphography#129",
        "http://www.example.org/lymphography#43",
        "http://www.example.org/lymphography#83"
      ]
    },
    "RandomUnknown_22": {
      "positive_examples": [
        "http://www.example.org/lymphography#107",
        "http://www.example.org/lymphography#2",
        "http://www.example.org/lymphography#144",
        "http://www.example.org/lymphography#133",
        "http://www.example.org/lymphography#5",
        "http://www.example.org/lymphography#73",
        "http://www.example.org/lymphography#7",
        "http://www.example.org/lymphography#49",
        "http://www.example.org/lymphography#32",
        "http://www.example.org/lymphography#42"
      ],
      "negative_examples": [
        "http://www.example.org/lymphography#66",
        "http://www.example.org/lymphography#40",
        "http://www.example.org/lymphography#97",
        "http://www.example.org/lymphography#93",
        "http://www.example.org/lymphography#9",
        "http://www.example.org/lymphography#77",
        "http://www.example.org/lymphography#123",
        "http://www.example.org/lymphography#22",
        "http://www.example.org/lymphography#72",
        "http://www.example.org/lymphography#45"
      ]
    },
    "RandomUnknown_23": {
      "positive_examples": [
        "http://www.example.org/lymphography#44",
        "http://www.example.org/lymphography#41",
        "http://www.example.org/lymphography#137",
        "http://www.example.org/lymphography#75",
        "http://www.example.org/lymphography#16",
        "http://www.example.org/lymphography#57",
        "http://www.example.org/lymphography#14",
        "http://www.example.org/lymphography#63",
        "http://www.example.org/lymphography#81",
        "http://www.example.org/lymphography#45"
      ],
      "negative_examples": [
        "http://www.example.org/lymphography#96",
        "http://www.example.org/lymphography#17",
        "http://www.example.org/lymphography#65",
        "http://www.example.org/lymphography#111",
        "http://www.example.org/lymphography#148",
        "http://www.example.org/lymphography#144",
        "http://www.example.org/lymphography#14",
        "http://www.example.org/lymphography#38",
        "http://www.example.org/lymphography#8",
        "http://www.example.org/lymphography#83"
      ]
    },
    "RandomUnknown_24": {
      "positive_examples": [
        "http://www.example.org/lymphography#117",
        "http://www.example.org/lymphography#132",
        "http://www.example.org/lymphography#131",
        "http://www.example.org/lymphography#128",
        "http://www.example.org/lymphography#78",
        "http://www.example.org/lymphography#5",
        "http://www.example.org/lymphography#73",
        "http://www.example.org/lymphography#100",
        "http://www.example.org/lymphography#22",
        "http://www.example.org/lymphography#112"
      ],
      "negative_examples": [
        "http://www.example.org/lymphography#117",
        "http://www.example.org/lymphography#121",
        "http://www.example.org/lymphography#16",
        "http://www.example.org/lymphography#61",
        "http://www.example.org/lymphography#147",
        "http://www.example.org/lymphography#84",
        "http://www.example.org/lymphography#100",
        "http://www.example.org/lymphography#27",
        "http://www.example.org/lymphography#86",
        "http://www.example.org/lymphography#122"
      ]
    },
    "RandomUnknown_25": {
      "positive_examples": [
        "http://www.example.org/lymphography#10",
        "http://www.example.org/lymphography#25",
        "http://www.example.org/lymphography#41",
        "http://www.example.org/lymphography#121",
        "http://www.example.org/lymphography#78",
        "http://www.example.org/lymphography#61",
        "http://www.example.org/lymphography#1",
        "http://www.example.org/lymphography#109",
        "http://www.example.org/lymphography#6",
        "http://www.example.org/lymphography#95"
      ],
      "negative_examples": [
        "http://www.example.org/lymphography#40",
        "http://www.example.org/lymphography#131",
        "http://www.example.org/lymphography#104",
        "http://www.example.org/lymphography#75",
        "http://www.example.org/lymphography#107",
        "http://www.example.org/lymphography#69",
        "http://www.example.org/lymphography#84",
        "http://www.example.org/lymphography#109",
        "http://www.example.org/lymphography#13",
        "http://www.example.org/lymphography#72"
      ]
    },
    "RandomUnknown_26": {
      "positive_examples": [
        "http://www.example.org/lymphography#90",
        "http://www.example.org/lymphography#17",
        "http://www.example.org/lymphography#31",
        "http://www.example.org/lymphography#88",
        "http://www.example.org/lymphography#21",
        "http://www.example.org/lymphography#57",
        "http://www.example.org/lymphography#12",
        "http://www.example.org/lymphography#47",
        "http://www.example.org/lymphography#109",
        "http://www.example.org/lymphography#134"
      ],
      "negative_examples": [
        "http://www.example.org/lymphography#17",
        "http://www.example.org/lymphography#111",
        "http://www.example.org/lymphography#87",
        "http://www.example.org/lymphography#105",
        "http://www.example.org/lymphography#103",
        "http://www.example.org/lymphography#106",
        "http://www.example.org/lymphography#73",
        "http://www.example.org/lymphography#33",
        "http://www.example.org/lymphography#53",
        "http://www.example.org/lymphography#45"
      ]
    },
    "RandomUnknown_27": {
      "positive_examples": [
        "http://www.example.org/lymphography#93",
        "http://www.example.org/lymphography#111",
        "http://www.example.org/lymphography#128",
        "http://www.example.org/lymphography#91",
        "http://www.example.org/lymphography#138",
        "http://www.example.org/lymphography#115",
        "http://www.example.org/lymphography#14",
        "http://www.example.org/lymphography#30",
        "http://www.example.org/lymphography#33",
        "http://www.example.org/lymphography#43"
      ],
      "negative_examples": [
        "http://www.example.org/lymphography#92",
        "http://www.example.org/lymphography#128",
        "http://www.example.org/lymphography#121",
        "http://www.example.org/lymphography#115",
        "http://www.example.org/lymphography#20",
        "http://www.example.org/lymphography#130",
        "http://www.example.org/lymphography#38",
        "http://www.example.org/lymphography#82",
        "http://www.example.org/lymphography#63",
        "http://www.example.org/lymphography#81"
      ]
    },
    "RandomUnknown_28": {
      "positive_examples": [
        "http://www.example.org/lymphography#140",
        "http://www.example.org/lymphography#67",
        "http://www.example.org/lymphography#9",
        "http://www.example.org/lymphography#110",
        "http://www.example.org/lymphography#123",
        "http://www.example.org/lymphography#82",
        "http://www.example.org/lymphography#28",
        "http://www.example.org/lymphography#42",
        "http://www.example.org/lymphography#139",
        "http://www.example.org/lymphography#83"
      ],
      "negative_examples": [
        "http://www.example.org/lymphography#17",
        "http://www.example.org/lymphography#96",
        "http://www.example.org/lymphography#36",
        "http://www.example.org/lymphography#37",
        "http://www.example.org/lymphography#76",
        "http://www.example.org/lymphography#56",
        "http://www.example.org/lymphography#103",
        "http://www.example.org/lymphography#32",
        "http://www.example.org/lymphography#26",
        "http://www.example.org/lymphography#44"
      ]
    },
    "RandomUnknown_29": {
      "positive_examples": [
        "http://www.example.org/lymphography#145",
        "http://www.example.org/lymphography#88",
        "http://www.example.org/lymphography#50",
        "http://www.example.org/lymphography#105",
        "http://www.example.org/lymphography#16",
        "http://www.example.org/lymphography#103",
        "http://www.example.org/lymphography#61",
        "http://www.example.org/lymphography#106",
        "http://www.example.org/lymphography#28",
        "http://www.example.org/lymphography#62"
      ],
      "negative_examples": [
        "http://www.example.org/lymphography#66",
        "http://www.example.org/lymphography#39",
        "http://www.example.org/lymphography#102",
        "http://www.example.org/lymphography#36",
        "http://www.example.org/lymphography#124",
        "http://www.example.org/lymphography#23",
        "http://www.example.org/lymphography#133",
        "http://www.example.org/lymphography#129",
        "http://www.example.org/lymphography#3",
        "http://www.example.org/lymphography#83"
      ]
    },
    "RandomUnknown_30": {
      "positive_examples": [
        "http://www.example.org/lymphography#65",
        "http://www.example.org/lymphography#50",
        "http://www.example.org/lymphography#37",
        "http://www.example.org/lymphography#148",
        "http://www.example.org/lymphography#20",
        "http://www.example.org/lymphography#79",
        "http://www.example.org/lymphography#82",
        "http://www.example.org/lymphography#7",
        "http://www.example.org/lymphography#139",
        "http://www.example.org/lymphography#140"
      ],
      "negative_examples": [
        "http://www.example.org/lymphography#143",
        "http://www.example.org/lymphography#83",
        "http://www.example.org/lymphography#39",
        "http://www.example.org/lymphography#51",
        "http://www.example.org/lymphography#138",
        "http://www.example.org/lymphography#67",
        "http://www.example.org/lymphography#12",
        "http://www.example.org/lymphography#108",
        "http://www.example.org/lymphography#112",
        "http://www.example.org/lymphography#44"
      ]
    },
    "RandomUnknown_31": {
      "positive_examples": [
        "http://www.example.org/lymphography#45",
        "http://www.example.org/lymphography#104",
        "http://www.example.org/lymphography#24",
        "http://www.example.org/lymphography#38",
        "http://www.example.org/lymphography#73",
        "http://www.example.org/lymphography#129",
        "http://www.example.org/lymphography#109",
        "http://www.example.org/lymphography#74",
        "http://www.example.org/lymphography#146",
        "http://www.example.org/lymphography#83"
      ],
      "negative_examples": [
        "http://www.example.org/lymphography#143",
        "http://www.example.org/lymphography#65",
        "http://www.example.org/lymphography#51",
        "http://www.example.org/lymphography#75",
        "http://www.example.org/lymphography#16",
        "http://www.example.org/lymphography#61",
        "http://www.example.org/lymphography#108",
        "http://www.example.org/lymphography#127",
        "http://www.example.org/lymphography#139",
        "http://www.example.org/lymphography#122"
      ]
    },
    "RandomUnknown_32": {
      "positive_examples": [
        "http://www.example.org/lymphography#98",
        "http://www.example.org/lymphography#34",
        "http://www.example.org/lymphography#4",
        "http://www.example.org/lymphography#93",
        "http://www.example.org/lymphography#131",
        "http://www.example.org/lymphography#120",
        "http://www.example.org/lymphography#95",
        "http://www.example.org/lymphography#61",
        "http://www.example.org/lymphography#78",
        "http://www.example.org/lymphography#139"
      ],
      "negative_examples": [
        "http://www.example.org/lymphography#10",
        "http://www.example.org/lymphography#128",
        "http://www.example.org/lymphography#36",
        "http://www.example.org/lymphography#135",
        "http://www.example.org/lymphography#55",
        "http://www.example.org/lymphography#144",
        "http://www.example.org/lymphography#57",
        "http://www.example.org/lymphography#81",
        "http://www.example.org/lymphography#136",
        "http://www.example.org/lymphography#89"
      ]
    },
    "RandomUnknown_33": {
      "positive_examples": [
        "http://www.example.org/lymphography#4",
        "http://www.example.org/lymphography#44",
        "http://www.example.org/lymphography#120",
        "http://www.example.org/lymphography#138",
        "http://www.example.org/lymphography#20",
        "http://www.example.org/lymphography#15",
        "http://www.example.org/lymphography#75",
        "http://www.example.org/lymphography#84",
        "http://www.example.org/lymphography#13",
        "http://www.example.org/lymphography#112"
      ],
      "negative_examples": [
        "http://www.example.org/lymphography#65",
        "http://www.example.org/lymphography#93",
        "http://www.example.org/lymphography#58",
        "http://www.example.org/lymphography#2",
        "http://www.example.org/lymphography#9",
        "http://www.example.org/lymphography#14",
        "http://www.example.org/lymphography#84",
        "http://www.example.org/lymphography#63",
        "http://www.example.org/lymphography#125",
        "http://www.example.org/lymphography#27"
      ]
    },
    "RandomUnknown_34": {
      "positive_examples": [
        "http://www.example.org/lymphography#89",
        "http://www.example.org/lymphography#111",
        "http://www.example.org/lymphography#23",
        "http://www.example.org/lymphography#105",
        "http://www.example.org/lymphography#2",
        "http://www.example.org/lymphography#133",
        "http://www.example.org/lymphography#100",
        "http://www.example.org/lymphography#27",
        "http://www.example.org/lymphography#26",
        "http://www.example.org/lymphography#44"
      ],
      "negative_examples": [
        "http://www.example.org/lymphography#145",
        "http://www.example.org/lymphography#144",
        "http://www.example.org/lymphography#127",
        "http://www.example.org/lymphography#101",
        "http://www.example.org/lymphography#125",
        "http://www.example.org/lymphography#109",
        "http://www.example.org/lymphography#71",
        "http://www.example.org/lymphography#113",
        "http://www.example.org/lymphography#86",
        "http://www.example.org/lymphography#13"
      ]
    },
    "RandomUnknown_35": {
      "positive_examples": [
        "http://www.example.org/lymphography#31",
        "http://www.example.org/lymphography#51",
        "http://www.example.org/lymphography#148",
        "http://www.example.org/lymphography#99",
        "http://www.example.org/lymphography#106",
        "http://www.example.org/lymphography#123",
        "http://www.example.org/lymphography#63",
        "http://www.example.org/lymphography#33",
        "http://www.example.org/lymphography#62",
        "http://www.example.org/lymphography#26"
      ],
      "negative_examples": [
        "http://www.example.org/lymphography#90",
        "http://www.example.org/lymphography#97",
        "http://www.example.org/lymphography#118",
        "http://www.example.org/lymphography#102",
        "http://www.example.org/lymphography#124",
        "http://www.example.org/lymphography#52",
        "http://www.example.org/lymphography#33",
        "http://www.example.org/lymphography#28",
        "http://www.example.org/lymphography#6",
        "http://www.example.org/lymphography#122"
      ]
    },
    "RandomUnknown_36": {
      "positive_examples": [
        "http://www.example.org/lymphography#66",
        "http://www.example.org/lymphography#92",
        "http://www.example.org/lymphography#25",
        "http://www.example.org/lymphography#124",
        "http://www.example.org/lymphography#147",
        "http://www.example.org/lymphography#129",
        "http://www.example.org/lymphography#32",
        "http://www.example.org/lymphography#100",
        "http://www.example.org/lymphography#27",
        "http://www.example.org/lymphography#83"
      ],
      "negative_examples": [
        "http://www.example.org/lymphography#143",
        "http://www.example.org/lymphography#60",
        "http://www.example.org/lymphography#65",
        "http://www.example.org/lymphography#31",
        "http://www.example.org/lymphography#147",
        "http://www.example.org/lymphography#84",
        "http://www.example.org/lymphography#49",
        "http://www.example.org/lymphography#62",
        "http://www.example.org/lymphography#134",
        "http://www.example.org/lymphography#59"
      ]
    },
    "RandomUnknown_37": {
      "positive_examples": [
        "http://www.example.org/lymphography#65",
        "http://www.example.org/lymphography#120",
        "http://www.example.org/lymphography#104",
        "http://www.example.org/lymphography#87",
        "http://www.example.org/lymphography#68",
        "http://www.example.org/lymphography#73",
        "http://www.example.org/lymphography#101",
        "http://www.example.org/lymphography#74",
        "http://www.example.org/lymphography#81",
        "http://www.example.org/lymphography#89"
      ],
      "negative_examples": [
        "http://www.example.org/lymphography#88",
        "http://www.example.org/lymphography#121",
        "http://www.example.org/lymphography#19",
        "http://www.example.org/lymphography#144",
        "http://www.example.org/lymphography#52",
        "http://www.example.org/lymphography#29",
        "http://www.example.org/lymphography#72",
        "http://www.example.org/lymphography#95",
        "http://www.example.org/lymphography#122",
        "http://www.example.org/lymphography#44"
      ]
    },
    "RandomUnknown_38": {
      "positive_examples": [
        "http://www.example.org/lymphography#92",
        "http://www.example.org/lymphography#10",
        "http://www.example.org/lymphography#88",
        "http://www.example.org/lymphography#91",
        "http://www.example.org/lymphography#95",
        "http://www.example.org/lymphography#84",
        "http://www.example.org/lymphography#38",
        "http://www.example.org/lymphography#73",
        "http://www.example.org/lymphography#3",
        "http://www.example.org/lymphography#139"
      ],
      "negative_examples": [
        "http://www.example.org/lymphography#39",
        "http://www.example.org/lymphography#88",
        "http://www.example.org/lymphography#50",
        "http://www.example.org/lymphography#111",
        "http://www.example.org/lymphography#12",
        "http://www.example.org/lymphography#5",
        "http://www.example.org/lymphography#119",
        "http://www.example.org/lymphography#3",
        "http://www.example.org/lymphography#81",
        "http://www.example.org/lymphography#141"
      ]
    },
    "RandomUnknown_39": {
      "positive_examples": [
        "http://www.example.org/lymphography#60",
        "http://www.example.org/lymphography#96",
        "http://www.example.org/lymphography#35",
        "http://www.example.org/lymphography#99",
        "http://www.example.org/lymphography#69",
        "http://www.example.org/lymphography#133",
        "http://www.example.org/lymphography#38",
        "http://www.example.org/lymphography#126",
        "http://www.example.org/lymphography#46",
        "http://www.example.org/lymphography#89"
      ],
      "negative_examples": [
        "http://www.example.org/lymphography#92",
        "http://www.example.org/lymphography#65",
        "http://www.example.org/lymphography#132",
        "http://www.example.org/lymphography#111",
        "http://www.example.org/lymphography#50",
        "http://www.example.org/lymphography#126",
        "http://www.example.org/lymphography#108",
        "http://www.example.org/lymphography#68",
        "http://www.example.org/lymphography#94",
        "http://www.example.org/lymphography#146"
      ]
    },
    "RandomUnknown_40": {
      "positive_examples": [
        "http://www.example.org/lymphography#90",
        "http://www.example.org/lymphography#25",
        "http://www.example.org/lymphography#40",
        "http://www.example.org/lymphography#58",
        "http://www.example.org/lymphography#24",
        "http://www.example.org/lymphography#76",
        "http://www.example.org/lymphography#129",
        "http://www.example.org/lymphography#86",
        "http://www.example.org/lymphography#113",
        "http://www.example.org/lymphography#62"
      ],
      "negative_examples": [
        "http://www.example.org/lymphography#25",
        "http://www.example.org/lymphography#148",
        "http://www.example.org/lymphography#20",
        "http://www.example.org/lymphography#23",
        "http://www.example.org/lymphography#107",
        "http://www.example.org/lymphography#56",
        "http://www.example.org/lymphography#16",
        "http://www.example.org/lymphography#142",
        "http://www.example.org/lymphography#62",
        "http://www.example.org/lymphography#72"
      ]
    },
    "RandomUnknown_41": {
      "positive_examples": [
        "http://www.example.org/lymphography#90",
        "http://www.example.org/lymphography#143",
        "http://www.example.org/lymphography#18",
        "http://www.example.org/lymphography#131",
        "http://www.example.org/lymphography#58",
        "http://www.example.org/lymphography#35",
        "http://www.example.org/lymphography#64",
        "http://www.example.org/lymphography#78",
        "http://www.example.org/lymphography#43",
        "http://www.example.org/lymphography#13"
      ],
      "negative_examples": [
        "http://www.example.org/lymphography#111",
        "http://www.example.org/lymphography#88",
        "http://www.example.org/lymphography#70",
        "http://www.example.org/lymphography#19",
        "http://www.example.org/lymphography#91",
        "http://www.example.org/lymphography#23",
        "http://www.example.org/lymphography#79",
        "http://www.example.org/lymphography#63",
        "http://www.example.org/lymphography#13",
        "http://www.example.org/lymphography#140"
      ]
    },
    "RandomUnknown_42": {
      "positive_examples": [
        "http://www.example.org/lymphography#90",
        "http://www.example.org/lymphography#117",
        "http://www.example.org/lymphography#88",
        "http://www.example.org/lymphography#9",
        "http://www.example.org/lymphography#108",
        "http://www.example.org/lymphography#32",
        "http://www.example.org/lymphography#127",
        "http://www.example.org/lymphography#30",
        "http://www.example.org/lymphography#54",
        "http://www.example.org/lymphography#59"
      ],
      "negative_examples": [
        "http://www.example.org/lymphography#92",
        "http://www.example.org/lymphography#131",
        "http://www.example.org/lymphography#21",
        "http://www.example.org/lymphography#45",
        "http://www.example.org/lymphography#115",
        "http://www.example.org/lymphography#16",
        "http://www.example.org/lymphography#57",
        "http://www.example.org/lymphography#130",
        "http://www.example.org/lymphography#82",
        "http://www.example.org/lymphography#112"
      ]
    },
    "RandomUnknown_43": {
      "positive_examples": [
        "http://www.example.org/lymphography#35",
        "http://www.example.org/lymphography#124",
        "http://www.example.org/lymphography#137",
        "http://www.example.org/lymphography#8",
        "http://www.example.org/lymphography#144",
        "http://www.example.org/lymphography#16",
        "http://www.example.org/lymphography#142",
        "http://www.example.org/lymphography#84",
        "http://www.example.org/lymphography#101",
        "http://www.example.org/lymphography#74"
      ],
      "negative_examples": [
        "http://www.example.org/lymphography#83",
        "http://www.example.org/lymphography#88",
        "http://www.example.org/lymphography#20",
        "http://www.example.org/lymphography#67",
        "http://www.example.org/lymphography#80",
        "http://www.example.org/lymphography#129",
        "http://www.example.org/lymphography#127",
        "http://www.example.org/lymphography#71",
        "http://www.example.org/lymphography#116",
        "http://www.example.org/lymphography#44"
      ]
    },
    "RandomUnknown_44": {
      "positive_examples": [
        "http://www.example.org/lymphography#88",
        "http://www.example.org/lymphography#35",
        "http://www.example.org/lymphography#99",
        "http://www.example.org/lymphography#23",
        "http://www.example.org/lymphography#107",
        "http://www.example.org/lymphography#5",
        "http://www.example.org/lymphography#84",
        "http://www.example.org/lymphography#3",
        "http://www.example.org/lymphography#146",
        "http://www.example.org/lymphography#72"
      ],
      "negative_examples": [
        "http://www.example.org/lymphography#10",
        "http://www.example.org/lymphography#132",
        "http://www.example.org/lymphography#21",
        "http://www.example.org/lymphography#148",
        "http://www.example.org/lymphography#24",
        "http://www.example.org/lymphography#110",
        "http://www.example.org/lymphography#80",
        "http://www.example.org/lymphography#126",
        "http://www.example.org/lymphography#13",
        "http://www.example.org/lymphography#59"
      ]
    },
    "RandomUnknown_45": {
      "positive_examples": [
        "http://www.example.org/lymphography#111",
        "http://www.example.org/lymphography#148",
        "http://www.example.org/lymphography#129",
        "http://www.example.org/lymphography#32",
        "http://www.example.org/lymphography#54",
        "http://www.example.org/lymphography#125",
        "http://www.example.org/lymphography#22",
        "http://www.example.org/lymphography#74",
        "http://www.example.org/lymphography#145",
        "http://www.example.org/lymphography#146"
      ],
      "negative_examples": [
        "http://www.example.org/lymphography#96",
        "http://www.example.org/lymphography#10",
        "http://www.example.org/lymphography#44",
        "http://www.example.org/lymphography#137",
        "http://www.example.org/lymphography#20",
        "http://www.example.org/lymphography#81",
        "http://www.example.org/lymphography#126",
        "http://www.example.org/lymphography#113",
        "http://www.example.org/lymphography#146",
        "http://www.example.org/lymphography#83"
      ]
    },
    "RandomUnknown_46": {
      "positive_examples": [
        "http://www.example.org/lymphography#96",
        "http://www.example.org/lymphography#31",
        "http://www.example.org/lymphography#93",
        "http://www.example.org/lymphography#85",
        "http://www.example.org/lymphography#107",
        "http://www.example.org/lymphography#52",
        "http://www.example.org/lymphography#147",
        "http://www.example.org/lymphography#43",
        "http://www.example.org/lymphography#145",
        "http://www.example.org/lymphography#140"
      ],
      "negative_examples": [
        "http://www.example.org/lymphography#139",
        "http://www.example.org/lymphography#65",
        "http://www.example.org/lymphography#93",
        "http://www.example.org/lymphography#37",
        "http://www.example.org/lymphography#63",
        "http://www.example.org/lymphography#1",
        "http://www.example.org/lymphography#74",
        "http://www.example.org/lymphography#135",
        "http://www.example.org/lymphography#122",
        "http://www.example.org/lymphography#112"
      ]
    },
    "RandomUnknown_47": {
      "positive_examples": [
        "http://www.example.org/lymphography#24",
        "http://www.example.org/lymphography#57",
        "http://www.example.org/lymphography#63",
        "http://www.example.org/lymphography#126",
        "http://www.example.org/lymphography#127",
        "http://www.example.org/lymphography#125",
        "http://www.example.org/lymphography#134",
        "http://www.example.org/lymphography#135",
        "http://www.example.org/lymphography#122",
        "http://www.example.org/lymphography#112"
      ],
      "negative_examples": [
        "http://www.example.org/lymphography#131",
        "http://www.example.org/lymphography#58",
        "http://www.example.org/lymphography#120",
        "http://www.example.org/lymphography#19",
        "http://www.example.org/lymphography#138",
        "http://www.example.org/lymphography#15",
        "http://www.example.org/lymphography#130",
        "http://www.example.org/lymphography#54",
        "http://www.example.org/lymphography#113",
        "http://www.example.org/lymphography#13"
      ]
    },
    "RandomUnknown_48": {
      "positive_examples": [
        "http://www.example.org/lymphography#10",
        "http://www.example.org/lymphography#70",
        "http://www.example.org/lymphography#64",
        "http://www.example.org/lymphography#9",
        "http://www.example.org/lymphography#14",
        "http://www.example.org/lymphography#123",
        "http://www.example.org/lymphography#1",
        "http://www.example.org/lymphography#100",
        "http://www.example.org/lymphography#55",
        "http://www.example.org/lymphography#116"
      ],
      "negative_examples": [
        "http://www.example.org/lymphography#116",
        "http://www.example.org/lymphography#21",
        "http://www.example.org/lymphography#128",
        "http://www.example.org/lymphography#105",
        "http://www.example.org/lymphography#56",
        "http://www.example.org/lymphography#130",
        "http://www.example.org/lymphography#46",
        "http://www.example.org/lymphography#49",
        "http://www.example.org/lymphography#74",
        "http://www.example.org/lymphography#71"
      ]
    },
    "RandomUnknown_49": {
      "positive_examples": [
        "http://www.example.org/lymphography#60",
        "http://www.example.org/lymphography#21",
        "http://www.example.org/lymphography#76",
        "http://www.example.org/lymphography#115",
        "http://www.example.org/lymphography#144",
        "http://www.example.org/lymphography#9",
        "http://www.example.org/lymphography#142",
        "http://www.example.org/lymphography#22",
        "http://www.example.org/lymphography#119",
        "http://www.example.org/lymphography#27"
      ],
      "negative_examples": [
        "http://www.example.org/lymphography#92",
        "http://www.example.org/lymphography#88",
        "http://www.example.org/lymphography#21",
        "http://www.example.org/lymphography#87",
        "http://www.example.org/lymphography#105",
        "http://www.example.org/lymphography#63",
        "http://www.example.org/lymphography#54",
        "http://www.example.org/lymphography#43",
        "http://www.example.org/lymphography#6",
        "http://www.example.org/lymphography#55"
      ]
    }
  }
}