{
  "problems": {
    "RandomUnknown_0": {
      "positive_examples": [
        "http://dl-learner.org/mutagenesis#nitro-729",
        "http://dl-learner.org/mutagenesis#bond2459",
        "http://dl-learner.org/mutagenesis#bond1113",
        "http://dl-learner.org/mutagenesis#bond2969",
        "http://dl-learner.org/mutagenesis#d118_27"
      ],
      "negative_examples": [
        "http://dl-learner.org/mutagenesis#bond4173",
        "http://dl-learner.org/mutagenesis#d108_3",
        "http://dl-learner.org/mutagenesis#nitro-1383",
        "http://dl-learner.org/mutagenesis#bond1332",
        "http://dl-learner.org/mutagenesis#ball3-685"
      ]
    },
    "RandomUnknown_1": {
      "positive_examples": [
        "http://dl-learner.org/mutagenesis#d31_7",
        "http://dl-learner.org/mutagenesis#d63_23",
        "http://dl-learner.org/mutagenesis#d10_1",
        "http://dl-learner.org/mutagenesis#bond5004",
        "http://dl-learner.org/mutagenesis#bond2515"
      ],
      "negative_examples": [
        "http://dl-learner.org/mutagenesis#d89_4",
        "http://dl-learner.org/mutagenesis#d121_12",
        "http://dl-learner.org/mutagenesis#d25_5",
        "http://dl-learner.org/mutagenesis#d79_20",
        "http://dl-learner.org/mutagenesis#bond685"
      ]
    },
    "RandomUnknown_2": {
      "positive_examples": [
        "http://dl-learner.org/mutagenesis#bond2757",
        "http://dl-learner.org/mutagenesis#bond3935",
        "http://dl-learner.org/mutagenesis#d52_35",
        "http://dl-learner.org/mutagenesis#d1_16",
        "http://dl-learner.org/mutagenesis#bond438"
      ],
      "negative_examples": [
        "http://dl-learner.org/mutagenesis#d77_7",
        "http://dl-learner.org/mutagenesis#bond2898",
        "http://dl-learner.org/mutagenesis#benzene-1413",
        "http://dl-learner.org/mutagenesis#bond5197",
        "http://dl-learner.org/mutagenesis#bond1854"
      ]
    },
    "RandomUnknown_3": {
      "positive_examples": [
        "http://dl-learner.org/mutagenesis#bond4644",
        "http://dl-learner.org/mutagenesis#benzene-1115",
        "http://dl-learner.org/mutagenesis#bond4186",
        "http://dl-learner.org/mutagenesis#d84_8",
        "http://dl-learner.org/mutagenesis#bond1283"
      ],
      "negative_examples": [
        "http://dl-learner.org/mutagenesis#bond72",
        "http://dl-learner.org/mutagenesis#bond5650",
        "http://dl-learner.org/mutagenesis#d80_7",
        "http://dl-learner.org/mutagenesis#bond2596",
        "http://dl-learner.org/mutagenesis#bond852"
      ]
    },
    "RandomUnknown_4": {
      "positive_examples": [
        "http://dl-learner.org/mutagenesis#d142_4",
        "http://dl-learner.org/mutagenesis#d121_3",
        "http://dl-learner.org/mutagenesis#bond1621",
        "http://dl-learner.org/mutagenesis#bond4697",
        "http://dl-learner.org/mutagenesis#bond805"
      ],
      "negative_examples": [
        "http://dl-learner.org/mutagenesis#d5_4",
        "http://dl-learner.org/mutagenesis#d167_12",
        "http://dl-learner.org/mutagenesis#bond1751",
        "http://dl-learner.org/mutagenesis#ring_size_6-390",
        "http://dl-learner.org/mutagenesis#e6_9"
      ]
    },
    "RandomUnknown_5": {
      "positive_examples": [
        "http://dl-learner.org/mutagenesis#bond2571",
        "http://dl-learner.org/mutagenesis#ring_size_6-1595",
        "http://dl-learner.org/mutagenesis#d180_33",
        "http://dl-learner.org/mutagenesis#bond6044",
        "http://dl-learner.org/mutagenesis#d46_38"
      ],
      "negative_examples": [
        "http://dl-learner.org/mutagenesis#bond1404",
        "http://dl-learner.org/mutagenesis#d13_10",
        "http://dl-learner.org/mutagenesis#nitro-1281",
        "http://dl-learner.org/mutagenesis#bond1291",
        "http://dl-learner.org/mutagenesis#bond950"
      ]
    },
    "RandomUnknown_6": {
      "positive_examples": [
        "http://dl-learner.org/mutagenesis#e20_22",
        "http://dl-learner.org/mutagenesis#d52_6",
        "http://dl-learner.org/mutagenesis#bond5921",
        "http://dl-learner.org/mutagenesis#benzene-969",
        "http://dl-learner.org/mutagenesis#d22_15"
      ],
      "negative_examples": [
        "http://dl-learner.org/mutagenesis#bond5513",
        "http://dl-learner.org/mutagenesis#d182_2",
        "http://dl-learner.org/mutagenesis#ring_size_6-1059",
        "http://dl-learner.org/mutagenesis#d22_9",
        "http://dl-learner.org/mutagenesis#bond4226"
      ]
    },
    "RandomUnknown_7": {
      "positive_examples": [
        "http://dl-learner.org/mutagenesis#d54_18",
        "http://dl-learner.org/mutagenesis#d20_14",
        "http://dl-learner.org/mutagenesis#bond3632",
        "http://dl-learner.org/mutagenesis#bond3434",
        "http://dl-learner.org/mutagenesis#bond1734"
      ],
      "negative_examples": [
        "http://dl-learner.org/mutagenesis#d60_9",
        "http://dl-learner.org/mutagenesis#bond5304",
        "http://dl-learner.org/mutagenesis#bond1608",
        "http://dl-learner.org/mutagenesis#ring_size_6-1410",
        "http://dl-learner.org/mutagenesis#bond828"
      ]
    },
    "RandomUnknown_8": {
      "positive_examples": [
        "http://dl-learner.org/mutagenesis#ring_size_6-919",
        "http://dl-learner.org/mutagenesis#ring_size_6-1324",
        "http://dl-learner.org/mutagenesis#bond5056",
        "http://dl-learner.org/mutagenesis#d38_21",
        "http://dl-learner.org/mutagenesis#bond3158"
      ],
      "negative_examples": [
        "http://dl-learner.org/mutagenesis#bond1628",
        "http://dl-learner.org/mutagenesis#d7_12",
        "http://dl-learner.org/mutagenesis#bond418",
        "http://dl-learner.org/mutagenesis#bond1490",
        "http://dl-learner.org/mutagenesis#ball3-1100"
      ]
    },
    "RandomUnknown_9": {
      "positive_examples": [
        "http://dl-learner.org/mutagenesis#bond1613",
        "http://dl-learner.org/mutagenesis#bond1616",
        "http://dl-learner.org/mutagenesis#bond2997",
        "http://dl-learner.org/mutagenesis#bond5355",
        "http://dl-learner.org/mutagenesis#d39_23"
      ],
      "negative_examples": [
        "http://dl-learner.org/mutagenesis#d128_11",
        "http://dl-learner.org/mutagenesis#bond5392",
        "http://dl-learner.org/mutagenesis#d136_15",
        "http://dl-learner.org/mutagenesis#bond1429",
        "http://dl-learner.org/mutagenesis#bond74"
      ]
    },
    "RandomUnknown_10": {
      "positive_examples": [
        "http://dl-learner.org/mutagenesis#d140_17",
        "http://dl-learner.org/mutagenesis#bond4279",
        "http://dl-learner.org/mutagenesis#bond4385",
        "http://dl-learner.org/mutagenesis#bond1636",
        "http://dl-learner.org/mutagenesis#d152_18"
      ],
      "negative_examples": [
        "http://dl-learner.org/mutagenesis#e8_12",
        "http://dl-learner.org/mutagenesis#d35_4",
        "http://dl-learner.org/mutagenesis#d54_14",
        "http://dl-learner.org/mutagenesis#d80_26",
        "http://dl-learner.org/mutagenesis#bond6173"
      ]
    },
    "RandomUnknown_11": {
      "positive_examples": [
        "http://dl-learner.org/mutagenesis#d113_12",
        "http://dl-learner.org/mutagenesis#d2_4",
        "http://dl-learner.org/mutagenesis#bond2029",
        "http://dl-learner.org/mutagenesis#bond3929",
        "http://dl-learner.org/mutagenesis#bond3739"
      ],
      "negative_examples": [
        "http://dl-learner.org/mutagenesis#bond4856",
        "http://dl-learner.org/mutagenesis#d95_12",
        "http://dl-learner.org/mutagenesis#bond2773",
        "http://dl-learner.org/mutagenesis#bond4869",
        "http://dl-learner.org/mutagenesis#bond4661"
      ]
    },
    "RandomUnknown_12": {
      "positive_examples": [
        "http://dl-learner.org/mutagenesis#bond5332",
        "http://dl-learner.org/mutagenesis#d54_6",
        "http://dl-learner.org/mutagenesis#bond1079",
        "http://dl-learner.org/mutagenesis#d98_19",
        "http://dl-learner.org/mutagenesis#bond3913"
      ],
      "negative_examples": [
        "http://dl-learner.org/mutagenesis#bond205",
        "http://dl-learner.org/mutagenesis#d79_12",
        "http://dl-learner.org/mutagenesis#e1_7",
        "http://dl-learner.org/mutagenesis#bond3591",
        "http://dl-learner.org/mutagenesis#d110_13"
      ]
    },
    "RandomUnknown_13": {
      "positive_examples": [
        "http://dl-learner.org/mutagenesis#d193_1",
        "http://dl-learner.org/mutagenesis#bond1404",
        "http://dl-learner.org/mutagenesis#carbon_6_ring-1605",
        "http://dl-learner.org/mutagenesis#d171_17",
        "http://dl-learner.org/mutagenesis#bond3243"
      ],
      "negative_examples": [
        "http://dl-learner.org/mutagenesis#bond1766",
        "http://dl-learner.org/mutagenesis#d64_22",
        "http://dl-learner.org/mutagenesis#bond3855",
        "http://dl-learner.org/mutagenesis#d195_2",
        "http://dl-learner.org/mutagenesis#bond4371"
      ]
    },
    "RandomUnknown_14": {
      "positive_examples": [
        "http://dl-learner.org/mutagenesis#e2_17",
        "http://dl-learner.org/mutagenesis#bond5931",
        "http://dl-learner.org/mutagenesis#d12_28",
        "http://dl-learner.org/mutagenesis#d35_15",
        "http://dl-learner.org/mutagenesis#d194_2"
      ],
      "negative_examples": [
        "http://dl-learner.org/mutagenesis#d2",
        "http://dl-learner.org/mutagenesis#bond4416",
        "http://dl-learner.org/mutagenesis#d46",
        "http://dl-learner.org/mutagenesis#bond5225",
        "http://dl-learner.org/mutagenesis#bond2691"
      ]
    },
    "RandomUnknown_15": {
      "positive_examples": [
        "http://dl-learner.org/mutagenesis#bond5664",
        "http://dl-learner.org/mutagenesis#ring_size_6-441",
        "http://dl-learner.org/mutagenesis#d19_8",
        "http://dl-learner.org/mutagenesis#d162_14",
        "http://dl-learner.org/mutagenesis#d114_24"
      ],
      "negative_examples": [
        "http://dl-learner.org/mutagenesis#bond5893",
        "http://dl-learner.org/mutagenesis#bond1546",
        "http://dl-learner.org/mutagenesis#d189_25",
        "http://dl-learner.org/mutagenesis#bond5414",
        "http://dl-learner.org/mutagenesis#bond3121"
      ]
    },
    "RandomUnknown_16": {
      "positive_examples": [
        "http://dl-learner.org/mutagenesis#bond1068",
        "http://dl-learner.org/mutagenesis#bond4652",
        "http://dl-learner.org/mutagenesis#d101_6",
        "http://dl-learner.org/mutagenesis#d30_6",
        "http://dl-learner.org/mutagenesis#bond5100"
      ],
      "negative_examples": [
        "http://dl-learner.org/mutagenesis#ring_size_6-373",
        "http://dl-learner.org/mutagenesis#bond500",
        "http://dl-learner.org/mutagenesis#d83_8",
        "http://dl-learner.org/mutagenesis#bond1082",
        "http://dl-learner.org/mutagenesis#bond4444"
      ]
    },
    "RandomUnknown_17": {
      "positive_examples": [
        "http://dl-learner.org/mutagenesis#benzene-37",
        "http://dl-learner.org/mutagenesis#bond2089",
        "http://dl-learner.org/mutagenesis#bond1496",
        "http://dl-learner.org/mutagenesis#nitro-544",
        "http://dl-learner.org/mutagenesis#d181_11"
      ],
      "negative_examples": [
        "http://dl-learner.org/mutagenesis#bond3449",
        "http://dl-learner.org/mutagenesis#bond4670",
        "http://dl-learner.org/mutagenesis#bond2940",
        "http://dl-learner.org/mutagenesis#bond3375",
        "http://dl-learner.org/mutagenesis#d151_17"
      ]
    },
    "RandomUnknown_18": {
      "positive_examples": [
        "http://dl-learner.org/mutagenesis#bond1513",
        "http://dl-learner.org/mutagenesis#bond5337",
        "http://dl-learner.org/mutagenesis#e9_5",
        "http://dl-learner.org/mutagenesis#bond3806",
        "http://dl-learner.org/mutagenesis#d46_37"
      ],
      "negative_examples": [
        "http://dl-learner.org/mutagenesis#bond3616",
        "http://dl-learner.org/mutagenesis#bond3897",
        "http://dl-learner.org/mutagenesis#bond2354",
        "http://dl-learner.org/mutagenesis#bond1537",
        "http://dl-learner.org/mutagenesis#bond512"
      ]
    },
    "RandomUnknown_19": {
      "positive_examples": [
        "http://dl-learner.org/mutagenesis#d137_22",
        "http://dl-learner.org/mutagenesis#d128_7",
        "http://dl-learner.org/mutagenesis#d122_9",
        "http://dl-learner.org/mutagenesis#d142_1",
        "http://dl-learner.org/mutagenesis#d194_9"
      ],
      "negative_examples": [
        "http://dl-learner.org/mutagenesis#bond3117",
        "http://dl-learner.org/mutagenesis#phenanthrene-114",
        "http://dl-learner.org/mutagenesis#d165_12",
        "http://dl-learner.org/mutagenesis#d103_6",
        "http://dl-learner.org/mutagenesis#bond3545"
      ]
    },
    "RandomUnknown_20": {
      "positive_examples": [
        "http://dl-learner.org/mutagenesis#bond1604",
        "http://dl-learner.org/mutagenesis#bond4790",
        "http://dl-learner.org/mutagenesis#d132_7",
        "http://dl-learner.org/mutagenesis#bond5905",
        "http://dl-learner.org/mutagenesis#d150"
      ],
      "negative_examples": [
        "http://dl-learner.org/mutagenesis#d128_16",
        "http://dl-learner.org/mutagenesis#d163_6",
        "http://dl-learner.org/mutagenesis#bond1619",
        "http://dl-learner.org/mutagenesis#nitro-1170",
        "http://dl-learner.org/mutagenesis#d82_24"
      ]
    },
    "RandomUnknown_21": {
      "positive_examples": [
        "http://dl-learner.org/mutagenesis#bond5604",
        "http://dl-learner.org/mutagenesis#d197_17",
        "http://dl-learner.org/mutagenesis#benzene-1344",
        "http://dl-learner.org/mutagenesis#d86_5",
        "http://dl-learner.org/mutagenesis#bond273"
      ],
      "negative_examples": [
        "http://dl-learner.org/mutagenesis#bond1987",
        "http://dl-learner.org/mutagenesis#d6_29",
        "http://dl-learner.org/mutagenesis#d168_15",
        "http://dl-learner.org/mutagenesis#d19_1",
        "http://dl-learner.org/mutagenesis#bond5279"
      ]
    },
    "RandomUnknown_22": {
      "positive_examples": [
        "http://dl-learner.org/mutagenesis#benzene-1000",
        "http://dl-learner.org/mutagenesis#d175_12",
        "http://dl-learner.org/mutagenesis#d156_19",
        "http://dl-learner.org/mutagenesis#phenanthrene-7",
        "http://dl-learner.org/mutagenesis#bond6284"
      ],
      "negative_examples": [
        "http://dl-learner.org/mutagenesis#ring_size_6-659",
        "http://dl-learner.org/mutagenesis#bond5924",
        "http://dl-learner.org/mutagenesis#bond34",
        "http://dl-learner.org/mutagenesis#d115_6",
        "http://dl-learner.org/mutagenesis#bond1923"
      ]
    },
    "RandomUnknown_23": {
      "positive_examples": [
        "http://dl-learner.org/mutagenesis#d62_7",
        "http://dl-learner.org/mutagenesis#bond1827",
        "http://dl-learner.org/mutagenesis#d23_30",
        "http://dl-learner.org/mutagenesis#d39_12",
        "http://dl-learner.org/mutagenesis#bond5779"
      ],
      "negative_examples": [
        "http://dl-learner.org/mutagenesis#e22_17",
        "http://dl-learner.org/mutagenesis#d7_5",
        "http://dl-learner.org/mutagenesis#d103_24",
        "http://dl-learner.org/mutagenesis#bond5963",
        "http://dl-learner.org/mutagenesis#d140_1"
      ]
    },
    "RandomUnknown_24": {
      "positive_examples": [
        "http://dl-learner.org/mutagenesis#bond1324",
        "http://dl-learner.org/mutagenesis#bond1772",
        "http://dl-learner.org/mutagenesis#d24_20",
        "http://dl-learner.org/mutagenesis#carbon_6_ring-1454",
        "http://dl-learner.org/mutagenesis#d109_31"
      ],
      "negative_examples": [
        "http://dl-learner.org/mutagenesis#bond58",
        "http://dl-learner.org/mutagenesis#bond4986",
        "http://dl-learner.org/mutagenesis#d58_4",
        "http://dl-learner.org/mutagenesis#bond23",
        "http://dl-learner.org/mutagenesis#d159_4"
      ]
    },
    "RandomUnknown_25": {
      "positive_examples": [
        "http://dl-learner.org/mutagenesis#bond5564",
        "http://dl-learner.org/mutagenesis#bond983",
        "http://dl-learner.org/mutagenesis#d105_9",
        "http://dl-learner.org/mutagenesis#bond1735",
        "http://dl-learner.org/mutagenesis#e1_5"
      ],
      "negative_examples": [
        "http://dl-learner.org/mutagenesis#bond3703",
        "http://dl-learner.org/mutagenesis#bond2361",
        "http://dl-learner.org/mutagenesis#bond6293",
        "http://dl-learner.org/mutagenesis#d128_21",
        "http://dl-learner.org/mutagenesis#phenanthrene-75"
      ]
    },
    "RandomUnknown_26": {
      "positive_examples": [
        "http://dl-learner.org/mutagenesis#bond5800",
        "http://dl-learner.org/mutagenesis#d155_3",
        "http://dl-learner.org/mutagenesis#bond54",
        "http://dl-learner.org/mutagenesis#bond994",
        "http://dl-learner.org/mutagenesis#nitro-1598"
      ],
      "negative_examples": [
        "http://dl-learner.org/mutagenesis#d25_12",
        "http://dl-learner.org/mutagenesis#d133_10",
        "http://dl-learner.org/mutagenesis#benzene-856",
        "http://dl-learner.org/mutagenesis#e3_6",
        "http://dl-learner.org/mutagenesis#bond2232"
      ]
    },
    "RandomUnknown_27": {
      "positive_examples": [
        "http://dl-learner.org/mutagenesis#d155_1",
        "http://dl-learner.org/mutagenesis#benzene-154",
        "http://dl-learner.org/mutagenesis#d48",
        "http://dl-learner.org/mutagenesis#bond2269",
        "http://dl-learner.org/mutagenesis#bond2517"
      ],
      "negative_examples": [
        "http://dl-learner.org/mutagenesis#bond4270",
        "http://dl-learner.org/mutagenesis#bond3109",
        "http://dl-learner.org/mutagenesis#bond762",
        "http://dl-learner.org/mutagenesis#bond237",
        "http://dl-learner.org/mutagenesis#bond4840"
      ]
    },
    "RandomUnknown_28": {
      "positive_examples": [
        "http://dl-learner.org/mutagenesis#bond3958",
        "http://dl-learner.org/mutagenesis#benzene-1676",
        "http://dl-learner.org/mutagenesis#d33_8",
        "http://dl-learner.org/mutagenesis#ring_size_6-521",
        "http://dl-learner.org/mutagenesis#d10_2"
      ],
      "negative_examples": [
        "http://dl-learner.org/mutagenesis#bond3072",
        "http://dl-learner.org/mutagenesis#d119_22",
        "http://dl-learner.org/mutagenesis#d185_16",
        "http://dl-learner.org/mutagenesis#d48_7",
        "http://dl-learner.org/mutagenesis#bond1930"
      ]
    },
    "RandomUnknown_29": {
      "positive_examples": [
        "http://dl-learner.org/mutagenesis#bond362",
        "http://dl-learner.org/mutagenesis#bond14",
        "http://dl-learner.org/mutagenesis#ring_size_6-442",
        "http://dl-learner.org/mutagenesis#d22_23",
        "http://dl-learner.org/mutagenesis#bond4870"
      ],
      "negative_examples": [
        "http://dl-learner.org/mutagenesis#e15_12",
        "http://dl-learner.org/mutagenesis#d112_8",
        "http://dl-learner.org/mutagenesis#bond682",
        "http://dl-learner.org/mutagenesis#ring_size_6-176",
        "http://dl-learner.org/mutagenesis#d12"
      ]
    },
    "RandomUnknown_30": {
      "positive_examples": [
        "http://dl-learner.org/mutagenesis#bond5622",
        "http://dl-learner.org/mutagenesis#d40_20",
        "http://dl-learner.org/mutagenesis#bond2820",
        "http://dl-learner.org/mutagenesis#e3",
        "http://dl-learner.org/mutagenesis#bond4294"
      ],
      "negative_examples": [
        "http://dl-learner.org/mutagenesis#bond2336",
        "http://dl-learner.org/mutagenesis#d49_14",
        "http://dl-learner.org/mutagenesis#bond1566",
        "http://dl-learner.org/mutagenesis#bond5983",
        "http://dl-learner.org/mutagenesis#e22_19"
      ]
    },
    "RandomUnknown_31": {
      "positive_examples": [
        "http://dl-learner.org/mutagenesis#d121_19",
        "http://dl-learner.org/mutagenesis#bond3124",
        "http://dl-learner.org/mutagenesis#d4_12",
        "http://dl-learner.org/mutagenesis#bond2127",
        "http://dl-learner.org/mutagenesis#d51_19"
      ],
      "negative_examples": [
        "http://dl-learner.org/mutagenesis#bond228",
        "http://dl-learner.org/mutagenesis#bond834",
        "http://dl-learner.org/mutagenesis#e15_17",
        "http://dl-learner.org/mutagenesis#bond946",
        "http://dl-learner.org/mutagenesis#bond885"
      ]
    },
    "RandomUnknown_32": {
      "positive_examples": [
        "http://dl-learner.org/mutagenesis#d144_7",
        "http://dl-learner.org/mutagenesis#d30",
        "http://dl-learner.org/mutagenesis#d48_15",
        "http://dl-learner.org/mutagenesis#bond3413",
        "http://dl-learner.org/mutagenesis#bond337"
      ],
      "negative_examples": [
        "http://dl-learner.org/mutagenesis#bond2460",
        "http://dl-learner.org/mutagenesis#bond6175",
        "http://dl-learner.org/mutagenesis#bond3058",
        "http://dl-learner.org/mutagenesis#d20_25",
        "http://dl-learner.org/mutagenesis#d103_7"
      ]
    },
    "RandomUnknown_33": {
      "positive_examples": [
        "http://dl-learner.org/mutagenesis#d68_23",
        "http://dl-learner.org/mutagenesis#bond476",
        "http://dl-learner.org/mutagenesis#d22_9",
        "http://dl-learner.org/mutagenesis#bond900",
        "http://dl-learner.org/mutagenesis#d174_14"
      ],
      "negative_examples": [
        "http://dl-learner.org/mutagenesis#bond2078",
        "http://dl-learner.org/mutagenesis#nitro-129",
        "http://dl-learner.org/mutagenesis#bond2537",
        "http://dl-learner.org/mutagenesis#d8_10",
        "http://dl-learner.org/mutagenesis#ball3-673"
      ]
    },
    "RandomUnknown_34": {
      "positive_examples": [
        "http://dl-learner.org/mutagenesis#benzene-37",
        "http://dl-learner.org/mutagenesis#bond5091",
        "http://dl-learner.org/mutagenesis#bond5588",
        "http://dl-learner.org/mutagenesis#benzene-689",
        "http://dl-learner.org/mutagenesis#bond2624"
      ],
      "negative_examples": [
        "http://dl-learner.org/mutagenesis#bond359",
        "http://dl-learner.org/mutagenesis#d146_13",
        "http://dl-learner.org/mutagenesis#bond6134",
        "http://dl-learner.org/mutagenesis#bond3160",
        "http://dl-learner.org/mutagenesis#bond2933"
      ]
    },
    "RandomUnknown_35": {
      "positive_examples": [
        "http://dl-learner.org/mutagenesis#bond2535",
        "http://dl-learner.org/mutagenesis#d128_1",
        "http://dl-learner.org/mutagenesis#d136_1",
        "http://dl-learner.org/mutagenesis#d87_20",
        "http://dl-learner.org/mutagenesis#bond4192"
      ],
      "negative_examples": [
        "http://dl-learner.org/mutagenesis#bond4411",
        "http://dl-learner.org/mutagenesis#d135_6",
        "http://dl-learner.org/mutagenesis#bond5065",
        "http://dl-learner.org/mutagenesis#e22_27",
        "http://dl-learner.org/mutagenesis#bond4611"
      ]
    },
    "RandomUnknown_36": {
      "positive_examples": [
        "http://dl-learner.org/mutagenesis#d6_27",
        "http://dl-learner.org/mutagenesis#bond4205",
        "http://dl-learner.org/mutagenesis#d139_3",
        "http://dl-learner.org/mutagenesis#bond2819",
        "http://dl-learner.org/mutagenesis#d4_19"
      ],
      "negative_examples": [
        "http://dl-learner.org/mutagenesis#bond5745",
        "http://dl-learner.org/mutagenesis#d127_4",
        "http://dl-learner.org/mutagenesis#d18",
        "http://dl-learner.org/mutagenesis#d157",
        "http://dl-learner.org/mutagenesis#d95_20"
      ]
    },
    "RandomUnknown_37": {
      "positive_examples": [
        "http://dl-learner.org/mutagenesis#d58_24",
        "http://dl-learner.org/mutagenesis#d118_9",
        "http://dl-learner.org/mutagenesis#bond3891",
        "http://dl-learner.org/mutagenesis#bond3351",
        "http://dl-learner.org/mutagenesis#bond3552"
      ],
      "negative_examples": [
        "http://dl-learner.org/mutagenesis#d104_16",
        "http://dl-learner.org/mutagenesis#bond6108",
        "http://dl-learner.org/mutagenesis#bond1055",
        "http://dl-learner.org/mutagenesis#d125_2",
        "http://dl-learner.org/mutagenesis#d170_2"
      ]
    },
    "RandomUnknown_38": {
      "positive_examples": [
        "http://dl-learner.org/mutagenesis#d162_16",
        "http://dl-learner.org/mutagenesis#d53_24",
        "http://dl-learner.org/mutagenesis#bond2560",
        "http://dl-learner.org/mutagenesis#bond291",
        "http://dl-learner.org/mutagenesis#d69"
      ],
      "negative_examples": [
        "http://dl-learner.org/mutagenesis#e6_2",
        "http://dl-learner.org/mutagenesis#d17_9",
        "http://dl-learner.org/mutagenesis#bond1689",
        "http://dl-learner.org/mutagenesis#d44_14",
        "http://dl-learner.org/mutagenesis#bond133"
      ]
    },
    "RandomUnknown_39": {
      "positive_examples": [
        "http://dl-learner.org/mutagenesis#ring_size_6-1665",
        "http://dl-learner.org/mutagenesis#d28_11",
        "http://dl-learner.org/mutagenesis#d129_20",
        "http://dl-learner.org/mutagenesis#bond3610",
        "http://dl-learner.org/mutagenesis#d53_18"
      ],
      "negative_examples": [
        "http://dl-learner.org/mutagenesis#d17_3",
        "http://dl-learner.org/mutagenesis#bond2480",
        "http://dl-learner.org/mutagenesis#d81_13",
        "http://dl-learner.org/mutagenesis#bond1733",
        "http://dl-learner.org/mutagenesis#bond3438"
      ]
    },
    "RandomUnknown_40": {
      "positive_examples": [
        "http://dl-learner.org/mutagenesis#d82_3",
        "http://dl-learner.org/mutagenesis#bond5486",
        "http://dl-learner.org/mutagenesis#ring_size_6-990",
        "http://dl-learner.org/mutagenesis#ring_size_6-806",
        "http://dl-learner.org/mutagenesis#bond2401"
      ],
      "negative_examples": [
        "http://dl-learner.org/mutagenesis#bond3063",
        "http://dl-learner.org/mutagenesis#bond896",
        "http://dl-learner.org/mutagenesis#d179_6",
        "http://dl-learner.org/mutagenesis#ring_size_6-361",
        "http://dl-learner.org/mutagenesis#nitro-456"
      ]
    },
    "RandomUnknown_41": {
      "positive_examples": [
        "http://dl-learner.org/mutagenesis#bond808",
        "http://dl-learner.org/mutagenesis#bond4263",
        "http://dl-learner.org/mutagenesis#nitro-1214",
        "http://dl-learner.org/mutagenesis#d161_1",
        "http://dl-learner.org/mutagenesis#bond4800"
      ],
      "negative_examples": [
        "http://dl-learner.org/mutagenesis#bond3710",
        "http://dl-learner.org/mutagenesis#bond2124",
        "http://dl-learner.org/mutagenesis#d151_1",
        "http://dl-learner.org/mutagenesis#bond788",
        "http://dl-learner.org/mutagenesis#bond5759"
      ]
    },
    "RandomUnknown_42": {
      "positive_examples": [
        "http://dl-learner.org/mutagenesis#bond5125",
        "http://dl-learner.org/mutagenesis#d69_4",
        "http://dl-learner.org/mutagenesis#d26_12",
        "http://dl-learner.org/mutagenesis#bond5393",
        "http://dl-learner.org/mutagenesis#d90_9"
      ],
      "negative_examples": [
        "http://dl-learner.org/mutagenesis#d183_16",
        "http://dl-learner.org/mutagenesis#ring_size_5-1483",
        "http://dl-learner.org/mutagenesis#d94_13",
        "http://dl-learner.org/mutagenesis#d161_26",
        "http://dl-learner.org/mutagenesis#d20_3"
      ]
    },
    "RandomUnknown_43": {
      "positive_examples": [
        "http://dl-learner.org/mutagenesis#d24_23",
        "http://dl-learner.org/mutagenesis#d50_2",
        "http://dl-learner.org/mutagenesis#d122_27",
        "http://dl-learner.org/mutagenesis#bond162",
        "http://dl-learner.org/mutagenesis#bond2336"
      ],
      "negative_examples": [
        "http://dl-learner.org/mutagenesis#d169_10",
        "http://dl-learner.org/mutagenesis#d133_15",
        "http://dl-learner.org/mutagenesis#d132_4",
        "http://dl-learner.org/mutagenesis#bond1503",
        "http://dl-learner.org/mutagenesis#bond901"
      ]
    },
    "RandomUnknown_44": {
      "positive_examples": [
        "http://dl-learner.org/mutagenesis#d162_11",
        "http://dl-learner.org/mutagenesis#bond299",
        "http://dl-learner.org/mutagenesis#d26_14",
        "http://dl-learner.org/mutagenesis#bond2363",
        "http://dl-learner.org/mutagenesis#nitro-613"
      ],
      "negative_examples": [
        "http://dl-learner.org/mutagenesis#d137_25",
        "http://dl-learner.org/mutagenesis#d18_20",
        "http://dl-learner.org/mutagenesis#d8_4",
        "http://dl-learner.org/mutagenesis#e3_1",
        "http://dl-learner.org/mutagenesis#d91_22"
      ]
    },
    "RandomUnknown_45": {
      "positive_examples": [
        "http://dl-learner.org/mutagenesis#bond4384",
        "http://dl-learner.org/mutagenesis#benzene-1593",
        "http://dl-learner.org/mutagenesis#bond5981",
        "http://dl-learner.org/mutagenesis#bond3915",
        "http://dl-learner.org/mutagenesis#bond2645"
      ],
      "negative_examples": [
        "http://dl-learner.org/mutagenesis#e7_14",
        "http://dl-learner.org/mutagenesis#bond5213",
        "http://dl-learner.org/mutagenesis#bond154",
        "http://dl-learner.org/mutagenesis#e27_2",
        "http://dl-learner.org/mutagenesis#bond6270"
      ]
    },
    "RandomUnknown_46": {
      "positive_examples": [
        "http://dl-learner.org/mutagenesis#bond3585",
        "http://dl-learner.org/mutagenesis#e17_25",
        "http://dl-learner.org/mutagenesis#bond5542",
        "http://dl-learner.org/mutagenesis#d51_2",
        "http://dl-learner.org/mutagenesis#ring_size_6-1584"
      ],
      "negative_examples": [
        "http://dl-learner.org/mutagenesis#d52_26",
        "http://dl-learner.org/mutagenesis#bond3701",
        "http://dl-learner.org/mutagenesis#bond2459",
        "http://dl-learner.org/mutagenesis#bond479",
        "http://dl-learner.org/mutagenesis#bond3543"
      ]
    },
    "RandomUnknown_47": {
      "positive_examples": [
        "http://dl-learner.org/mutagenesis#bond4233",
        "http://dl-learner.org/mutagenesis#d46_22",
        "http://dl-learner.org/mutagenesis#bond1723",
        "http://dl-learner.org/mutagenesis#bond4423",
        "http://dl-learner.org/mutagenesis#bond772"
      ],
      "negative_examples": [
        "http://dl-learner.org/mutagenesis#bond2706",
        "http://dl-learner.org/mutagenesis#bond193",
        "http://dl-learner.org/mutagenesis#bond3067",
        "http://dl-learner.org/mutagenesis#d17_12",
        "http://dl-learner.org/mutagenesis#e5_2"
      ]
    },
    "RandomUnknown_48": {
      "positive_examples": [
        "http://dl-learner.org/mutagenesis#benzene-131",
        "http://dl-learner.org/mutagenesis#bond2118",
        "http://dl-learner.org/mutagenesis#phenanthrene-446",
        "http://dl-learner.org/mutagenesis#d79_8",
        "http://dl-learner.org/mutagenesis#d117_7"
      ],
      "negative_examples": [
        "http://dl-learner.org/mutagenesis#bond6002",
        "http://dl-learner.org/mutagenesis#d73",
        "http://dl-learner.org/mutagenesis#d99_6",
        "http://dl-learner.org/mutagenesis#d100_9",
        "http://dl-learner.org/mutagenesis#bond665"
      ]
    },
    "RandomUnknown_49": {
      "positive_examples": [
        "http://dl-learner.org/mutagenesis#bond6029",
        "http://dl-learner.org/mutagenesis#d80_3",
        "http://dl-learner.org/mutagenesis#d118_12",
        "http://dl-learner.org/mutagenesis#d42_21",
        "http://dl-learner.org/mutagenesis#d38_4"
      ],
      "negative_examples": [
        "http://dl-learner.org/mutagenesis#d63_1",
        "http://dl-learner.org/mutagenesis#ring_size_6-805",
        "http://dl-learner.org/mutagenesis#bond5553",
        "http://dl-learner.org/mutagenesis#d187_31",
        "http://dl-learner.org/mutagenesis#bond3694"
      ]
    }
  }
}