{
  "problems": {
    "RandomUnknown_0": {
      "positive_examples": [
        "http://dl-learner.org/mutagenesis#d161_35",
        "http://dl-learner.org/mutagenesis#bond5158",
        "http://dl-learner.org/mutagenesis#bond2632",
        "http://dl-learner.org/mutagenesis#d121_20",
        "http://dl-learner.org/mutagenesis#d116_1",
        "http://dl-learner.org/mutagenesis#d71_14",
        "http://dl-learner.org/mutagenesis#bond542",
        "http://dl-learner.org/mutagenesis#bond2482",
        "http://dl-learner.org/mutagenesis#bond6301",
        "http://dl-learner.org/mutagenesis#d101_8",
        "http://dl-learner.org/mutagenesis#d35_17",
        "http://dl-learner.org/mutagenesis#bond218",
        "http://dl-learner.org/mutagenesis#bond5263",
        "http://dl-learner.org/mutagenesis#e1_30",
        "http://dl-learner.org/mutagenesis#benzene-656"
      ],
      "negative_examples": [
        "http://dl-learner.org/mutagenesis#d67_17",
        "http://dl-learner.org/mutagenesis#e1_34",
        "http://dl-learner.org/mutagenesis#e3_5",
        "http://dl-learner.org/mutagenesis#d197_11",
        "http://dl-learner.org/mutagenesis#d82_27",
        "http://dl-learner.org/mutagenesis#d43_11",
        "http://dl-learner.org/mutagenesis#d101_36",
        "http://dl-learner.org/mutagenesis#d173_3",
        "http://dl-learner.org/mutagenesis#ring_size_5-1483",
        "http://dl-learner.org/mutagenesis#bond763",
        "http://dl-learner.org/mutagenesis#bond3649",
        "http://dl-learner.org/mutagenesis#nitro-1124",
        "http://dl-learner.org/mutagenesis#d166_2",
        "http://dl-learner.org/mutagenesis#bond2641",
        "http://dl-learner.org/mutagenesis#bond3963"
      ]
    },
    "RandomUnknown_1": {
      "positive_examples": [
        "http://dl-learner.org/mutagenesis#bond2339",
        "http://dl-learner.org/mutagenesis#d17_14",
        "http://dl-learner.org/mutagenesis#d125_14",
        "http://dl-learner.org/mutagenesis#d10_16",
        "http://dl-learner.org/mutagenesis#bond3153",
        "http://dl-learner.org/mutagenesis#bond1434",
        "http://dl-learner.org/mutagenesis#bond1767",
        "http://dl-learner.org/mutagenesis#bond162",
        "http://dl-learner.org/mutagenesis#d22_25",
        "http://dl-learner.org/mutagenesis#bond5623",
        "http://dl-learner.org/mutagenesis#d9_6",
        "http://dl-learner.org/mutagenesis#d14_6",
        "http://dl-learner.org/mutagenesis#bond5098",
        "http://dl-learner.org/mutagenesis#benzene-256",
        "http://dl-learner.org/mutagenesis#bond1322"
      ],
      "negative_examples": [
        "http://dl-learner.org/mutagenesis#d148_10",
        "http://dl-learner.org/mutagenesis#d53_22",
        "http://dl-learner.org/mutagenesis#e15",
        "http://dl-learner.org/mutagenesis#d109_2",
        "http://dl-learner.org/mutagenesis#bond5441",
        "http://dl-learner.org/mutagenesis#d17_5",
        "http://dl-learner.org/mutagenesis#hetero_aromatic_6_ring-1154",
        "http://dl-learner.org/mutagenesis#d163_21",
        "http://dl-learner.org/mutagenesis#bond2637",
        "http://dl-learner.org/mutagenesis#bond1519",
        "http://dl-learner.org/mutagenesis#bond3139",
        "http://dl-learner.org/mutagenesis#ring_size_6-1118",
        "http://dl-learner.org/mutagenesis#d97_18",
        "http://dl-learner.org/mutagenesis#d43_8",
        "http://dl-learner.org/mutagenesis#bond583"
      ]
    },
    "RandomUnknown_2": {
      "positive_examples": [
        "http://dl-learner.org/mutagenesis#ring_size_6-1352",
        "http://dl-learner.org/mutagenesis#benzene-18",
        "http://dl-learner.org/mutagenesis#d73_8",
        "http://dl-learner.org/mutagenesis#bond4714",
        "http://dl-learner.org/mutagenesis#bond4508",
        "http://dl-learner.org/mutagenesis#bond6294",
        "http://dl-learner.org/mutagenesis#d161",
        "http://dl-learner.org/mutagenesis#d101_15",
        "http://dl-learner.org/mutagenesis#bond45",
        "http://dl-learner.org/mutagenesis#d178_1",
        "http://dl-learner.org/mutagenesis#ring_size_6-361",
        "http://dl-learner.org/mutagenesis#d82_5",
        "http://dl-learner.org/mutagenesis#ring_size_6-1441",
        "http://dl-learner.org/mutagenesis#d24_14",
        "http://dl-learner.org/mutagenesis#d138_1"
      ],
      "negative_examples": [
        "http://dl-learner.org/mutagenesis#d189_22",
        "http://dl-learner.org/mutagenesis#d156_20",
        "http://dl-learner.org/mutagenesis#d36_9",
        "http://dl-learner.org/mutagenesis#bond4453",
        "http://dl-learner.org/mutagenesis#bond5051",
        "http://dl-learner.org/mutagenesis#benzene-270",
        "http://dl-learner.org/mutagenesis#d8_10",
        "http://dl-learner.org/mutagenesis#benzene-1300",
        "http://dl-learner.org/mutagenesis#bond1105",
        "http://dl-learner.org/mutagenesis#d43_26",
        "http://dl-learner.org/mutagenesis#bond5408",
        "http://dl-learner.org/mutagenesis#bond1508",
        "http://dl-learner.org/mutagenesis#bond2885",
        "http://dl-learner.org/mutagenesis#bond3642",
        "http://dl-learner.org/mutagenesis#bond1053"
      ]
    },
    "RandomUnknown_3": {
      "positive_examples": [
        "http://dl-learner.org/mutagenesis#d144_10",
        "http://dl-learner.org/mutagenesis#d50_21",
        "http://dl-learner.org/mutagenesis#benzene-674",
        "http://dl-learner.org/mutagenesis#d161",
        "http://dl-learner.org/mutagenesis#d135_6",
        "http://dl-learner.org/mutagenesis#d91_17",
        "http://dl-learner.org/mutagenesis#e6_15",
        "http://dl-learner.org/mutagenesis#bond553",
        "http://dl-learner.org/mutagenesis#d52_16",
        "http://dl-learner.org/mutagenesis#bond6233",
        "http://dl-learner.org/mutagenesis#d195_2",
        "http://dl-learner.org/mutagenesis#d172_3",
        "http://dl-learner.org/mutagenesis#d77_23",
        "http://dl-learner.org/mutagenesis#d130_6",
        "http://dl-learner.org/mutagenesis#phenanthrene-934"
      ],
      "negative_examples": [
        "http://dl-learner.org/mutagenesis#f6_1",
        "http://dl-learner.org/mutagenesis#d99_12",
        "http://dl-learner.org/mutagenesis#nitro-126",
        "http://dl-learner.org/mutagenesis#bond2067",
        "http://dl-learner.org/mutagenesis#d161_20",
        "http://dl-learner.org/mutagenesis#f6_10",
        "http://dl-learner.org/mutagenesis#d77_15",
        "http://dl-learner.org/mutagenesis#d97_21",
        "http://dl-learner.org/mutagenesis#bond4985",
        "http://dl-learner.org/mutagenesis#bond3123",
        "http://dl-learner.org/mutagenesis#d182_17",
        "http://dl-learner.org/mutagenesis#e7_9",
        "http://dl-learner.org/mutagenesis#bond5206",
        "http://dl-learner.org/mutagenesis#d12_6",
        "http://dl-learner.org/mutagenesis#d56_8"
      ]
    },
    "RandomUnknown_4": {
      "positive_examples": [
        "http://dl-learner.org/mutagenesis#d109_19",
        "http://dl-learner.org/mutagenesis#d164_6",
        "http://dl-learner.org/mutagenesis#d72_8",
        "http://dl-learner.org/mutagenesis#bond5201",
        "http://dl-learner.org/mutagenesis#d74_25",
        "http://dl-learner.org/mutagenesis#bond6006",
        "http://dl-learner.org/mutagenesis#bond709",
        "http://dl-learner.org/mutagenesis#d80_9",
        "http://dl-learner.org/mutagenesis#d23_16",
        "http://dl-learner.org/mutagenesis#bond5491",
        "http://dl-learner.org/mutagenesis#d78_11",
        "http://dl-learner.org/mutagenesis#f6_23",
        "http://dl-learner.org/mutagenesis#d119_25",
        "http://dl-learner.org/mutagenesis#d136_25",
        "http://dl-learner.org/mutagenesis#f5_12"
      ],
      "negative_examples": [
        "http://dl-learner.org/mutagenesis#d170_10",
        "http://dl-learner.org/mutagenesis#e16_6",
        "http://dl-learner.org/mutagenesis#ring_size_5-1203",
        "http://dl-learner.org/mutagenesis#d22_8",
        "http://dl-learner.org/mutagenesis#bond656",
        "http://dl-learner.org/mutagenesis#bond2712",
        "http://dl-learner.org/mutagenesis#d58_1",
        "http://dl-learner.org/mutagenesis#benzene-296",
        "http://dl-learner.org/mutagenesis#d146_16",
        "http://dl-learner.org/mutagenesis#d10_18",
        "http://dl-learner.org/mutagenesis#bond2353",
        "http://dl-learner.org/mutagenesis#d109_26",
        "http://dl-learner.org/mutagenesis#d148_1",
        "http://dl-learner.org/mutagenesis#bond601",
        "http://dl-learner.org/mutagenesis#bond5259"
      ]
    },
    "RandomUnknown_5": {
      "positive_examples": [
        "http://dl-learner.org/mutagenesis#bond2941",
        "http://dl-learner.org/mutagenesis#e8_9",
        "http://dl-learner.org/mutagenesis#d51_8",
        "http://dl-learner.org/mutagenesis#d68_9",
        "http://dl-learner.org/mutagenesis#e27_20",
        "http://dl-learner.org/mutagenesis#d134_15",
        "http://dl-learner.org/mutagenesis#e9_1",
        "http://dl-learner.org/mutagenesis#benzene-1277",
        "http://dl-learner.org/mutagenesis#ring_size_6-1537",
        "http://dl-learner.org/mutagenesis#d74_32",
        "http://dl-learner.org/mutagenesis#bond4276",
        "http://dl-learner.org/mutagenesis#bond1672",
        "http://dl-learner.org/mutagenesis#bond2429",
        "http://dl-learner.org/mutagenesis#bond4094",
        "http://dl-learner.org/mutagenesis#bond80"
      ],
      "negative_examples": [
        "http://dl-learner.org/mutagenesis#nitro-199",
        "http://dl-learner.org/mutagenesis#d163_28",
        "http://dl-learner.org/mutagenesis#bond3561",
        "http://dl-learner.org/mutagenesis#bond5800",
        "http://dl-learner.org/mutagenesis#bond1641",
        "http://dl-learner.org/mutagenesis#bond1941",
        "http://dl-learner.org/mutagenesis#bond750",
        "http://dl-learner.org/mutagenesis#d189_25",
        "http://dl-learner.org/mutagenesis#e6",
        "http://dl-learner.org/mutagenesis#bond2542",
        "http://dl-learner.org/mutagenesis#d89_18",
        "http://dl-learner.org/mutagenesis#d70",
        "http://dl-learner.org/mutagenesis#bond3483",
        "http://dl-learner.org/mutagenesis#nitro-392",
        "http://dl-learner.org/mutagenesis#ring_size_6-1026"
      ]
    },
    "RandomUnknown_6": {
      "positive_examples": [
        "http://dl-learner.org/mutagenesis#bond4752",
        "http://dl-learner.org/mutagenesis#bond5615",
        "http://dl-learner.org/mutagenesis#bond5026",
        "http://dl-learner.org/mutagenesis#d170_11",
        "http://dl-learner.org/mutagenesis#d118_33",
        "http://dl-learner.org/mutagenesis#ball3-961",
        "http://dl-learner.org/mutagenesis#bond1790",
        "http://dl-learner.org/mutagenesis#bond3684",
        "http://dl-learner.org/mutagenesis#bond1859",
        "http://dl-learner.org/mutagenesis#d173_24",
        "http://dl-learner.org/mutagenesis#d60_3",
        "http://dl-learner.org/mutagenesis#bond4703",
        "http://dl-learner.org/mutagenesis#bond4957",
        "http://dl-learner.org/mutagenesis#d180_28",
        "http://dl-learner.org/mutagenesis#d152_27"
      ],
      "negative_examples": [
        "http://dl-learner.org/mutagenesis#nitro-909",
        "http://dl-learner.org/mutagenesis#bond1346",
        "http://dl-learner.org/mutagenesis#d193_17",
        "http://dl-learner.org/mutagenesis#bond3333",
        "http://dl-learner.org/mutagenesis#bond5795",
        "http://dl-learner.org/mutagenesis#bond4201",
        "http://dl-learner.org/mutagenesis#e26_26",
        "http://dl-learner.org/mutagenesis#bond1454",
        "http://dl-learner.org/mutagenesis#methyl-1710",
        "http://dl-learner.org/mutagenesis#d91_36",
        "http://dl-learner.org/mutagenesis#bond3039",
        "http://dl-learner.org/mutagenesis#bond6201",
        "http://dl-learner.org/mutagenesis#bond967",
        "http://dl-learner.org/mutagenesis#e9_6",
        "http://dl-learner.org/mutagenesis#bond2242"
      ]
    },
    "RandomUnknown_7": {
      "positive_examples": [
        "http://dl-learner.org/mutagenesis#bond5533",
        "http://dl-learner.org/mutagenesis#bond5731",
        "http://dl-learner.org/mutagenesis#f4_6",
        "http://dl-learner.org/mutagenesis#bond5521",
        "http://dl-learner.org/mutagenesis#bond6014",
        "http://dl-learner.org/mutagenesis#bond3330",
        "http://dl-learner.org/mutagenesis#d106_23",
        "http://dl-learner.org/mutagenesis#d25_19",
        "http://dl-learner.org/mutagenesis#bond2603",
        "http://dl-learner.org/mutagenesis#bond162",
        "http://dl-learner.org/mutagenesis#bond2387",
        "http://dl-learner.org/mutagenesis#d71_29",
        "http://dl-learner.org/mutagenesis#d145_17",
        "http://dl-learner.org/mutagenesis#d155_6",
        "http://dl-learner.org/mutagenesis#d82_31"
      ],
      "negative_examples": [
        "http://dl-learner.org/mutagenesis#bond3131",
        "http://dl-learner.org/mutagenesis#d38_20",
        "http://dl-learner.org/mutagenesis#d130_11",
        "http://dl-learner.org/mutagenesis#bond5355",
        "http://dl-learner.org/mutagenesis#nitro-613",
        "http://dl-learner.org/mutagenesis#bond6050",
        "http://dl-learner.org/mutagenesis#d174_30",
        "http://dl-learner.org/mutagenesis#d67_21",
        "http://dl-learner.org/mutagenesis#e23_8",
        "http://dl-learner.org/mutagenesis#d56_12",
        "http://dl-learner.org/mutagenesis#d41",
        "http://dl-learner.org/mutagenesis#d129_12",
        "http://dl-learner.org/mutagenesis#e1_8",
        "http://dl-learner.org/mutagenesis#ring_size_6-244",
        "http://dl-learner.org/mutagenesis#benzene-1384"
      ]
    },
    "RandomUnknown_8": {
      "positive_examples": [
        "http://dl-learner.org/mutagenesis#bond1446",
        "http://dl-learner.org/mutagenesis#e18_13",
        "http://dl-learner.org/mutagenesis#bond1012",
        "http://dl-learner.org/mutagenesis#d68_6",
        "http://dl-learner.org/mutagenesis#ball3-598",
        "http://dl-learner.org/mutagenesis#bond4876",
        "http://dl-learner.org/mutagenesis#bond4442",
        "http://dl-learner.org/mutagenesis#bond1308",
        "http://dl-learner.org/mutagenesis#bond2717",
        "http://dl-learner.org/mutagenesis#bond5474",
        "http://dl-learner.org/mutagenesis#d163",
        "http://dl-learner.org/mutagenesis#d196_5",
        "http://dl-learner.org/mutagenesis#d115_4",
        "http://dl-learner.org/mutagenesis#d64_2",
        "http://dl-learner.org/mutagenesis#bond3960"
      ],
      "negative_examples": [
        "http://dl-learner.org/mutagenesis#nitro-1085",
        "http://dl-learner.org/mutagenesis#d178_14",
        "http://dl-learner.org/mutagenesis#d157_8",
        "http://dl-learner.org/mutagenesis#d133_2",
        "http://dl-learner.org/mutagenesis#ring_size_6-477",
        "http://dl-learner.org/mutagenesis#bond4959",
        "http://dl-learner.org/mutagenesis#d173_2",
        "http://dl-learner.org/mutagenesis#d145_21",
        "http://dl-learner.org/mutagenesis#d73_17",
        "http://dl-learner.org/mutagenesis#d12_22",
        "http://dl-learner.org/mutagenesis#d150_4",
        "http://dl-learner.org/mutagenesis#bond447",
        "http://dl-learner.org/mutagenesis#bond4759",
        "http://dl-learner.org/mutagenesis#bond5536",
        "http://dl-learner.org/mutagenesis#bond3926"
      ]
    },
    "RandomUnknown_9": {
      "positive_examples": [
        "http://dl-learner.org/mutagenesis#bond1503",
        "http://dl-learner.org/mutagenesis#d151_3",
        "http://dl-learner.org/mutagenesis#bond4911",
        "http://dl-learner.org/mutagenesis#e19_9",
        "http://dl-learner.org/mutagenesis#bond2434",
        "http://dl-learner.org/mutagenesis#d196_3",
        "http://dl-learner.org/mutagenesis#d23",
        "http://dl-learner.org/mutagenesis#ball3-117",
        "http://dl-learner.org/mutagenesis#d41_22",
        "http://dl-learner.org/mutagenesis#d43_17",
        "http://dl-learner.org/mutagenesis#d53_26",
        "http://dl-learner.org/mutagenesis#e25_23",
        "http://dl-learner.org/mutagenesis#d166_3",
        "http://dl-learner.org/mutagenesis#bond5549",
        "http://dl-learner.org/mutagenesis#bond1824"
      ],
      "negative_examples": [
        "http://dl-learner.org/mutagenesis#d171_18",
        "http://dl-learner.org/mutagenesis#bond3446",
        "http://dl-learner.org/mutagenesis#d147_7",
        "http://dl-learner.org/mutagenesis#ring_size_5-89",
        "http://dl-learner.org/mutagenesis#d101_29",
        "http://dl-learner.org/mutagenesis#f4_1",
        "http://dl-learner.org/mutagenesis#d28_2",
        "http://dl-learner.org/mutagenesis#d4_13",
        "http://dl-learner.org/mutagenesis#d74_4",
        "http://dl-learner.org/mutagenesis#d106_29",
        "http://dl-learner.org/mutagenesis#bond4385",
        "http://dl-learner.org/mutagenesis#e19_4",
        "http://dl-learner.org/mutagenesis#bond5278",
        "http://dl-learner.org/mutagenesis#d121_4",
        "http://dl-learner.org/mutagenesis#bond2674"
      ]
    },
    "RandomUnknown_10": {
      "positive_examples": [
        "http://dl-learner.org/mutagenesis#bond3144",
        "http://dl-learner.org/mutagenesis#bond119",
        "http://dl-learner.org/mutagenesis#d167_11",
        "http://dl-learner.org/mutagenesis#bond1752",
        "http://dl-learner.org/mutagenesis#d4_25",
        "http://dl-learner.org/mutagenesis#ball3-55",
        "http://dl-learner.org/mutagenesis#carbon_5_aromatic_ring-622",
        "http://dl-learner.org/mutagenesis#bond2285",
        "http://dl-learner.org/mutagenesis#bond5028",
        "http://dl-learner.org/mutagenesis#d162_23",
        "http://dl-learner.org/mutagenesis#bond3518",
        "http://dl-learner.org/mutagenesis#d84_2",
        "http://dl-learner.org/mutagenesis#ring_size_6-1023",
        "http://dl-learner.org/mutagenesis#d113_3",
        "http://dl-learner.org/mutagenesis#d61_22"
      ],
      "negative_examples": [
        "http://dl-learner.org/mutagenesis#bond1837",
        "http://dl-learner.org/mutagenesis#bond3600",
        "http://dl-learner.org/mutagenesis#d22_25",
        "http://dl-learner.org/mutagenesis#d182_19",
        "http://dl-learner.org/mutagenesis#d31_10",
        "http://dl-learner.org/mutagenesis#bond1361",
        "http://dl-learner.org/mutagenesis#bond3937",
        "http://dl-learner.org/mutagenesis#bond4127",
        "http://dl-learner.org/mutagenesis#benzene-818",
        "http://dl-learner.org/mutagenesis#e25_35",
        "http://dl-learner.org/mutagenesis#d15_20",
        "http://dl-learner.org/mutagenesis#bond4227",
        "http://dl-learner.org/mutagenesis#d139_8",
        "http://dl-learner.org/mutagenesis#d13_8",
        "http://dl-learner.org/mutagenesis#bond3939"
      ]
    },
    "RandomUnknown_11": {
      "positive_examples": [
        "http://dl-learner.org/mutagenesis#d69_11",
        "http://dl-learner.org/mutagenesis#bond5708",
        "http://dl-learner.org/mutagenesis#d89_4",
        "http://dl-learner.org/mutagenesis#bond1431",
        "http://dl-learner.org/mutagenesis#d192_30",
        "http://dl-learner.org/mutagenesis#d11_6",
        "http://dl-learner.org/mutagenesis#d112_13",
        "http://dl-learner.org/mutagenesis#benzene-700",
        "http://dl-learner.org/mutagenesis#bond3076",
        "http://dl-learner.org/mutagenesis#bond1107",
        "http://dl-learner.org/mutagenesis#d101_25",
        "http://dl-learner.org/mutagenesis#bond5766",
        "http://dl-learner.org/mutagenesis#ring_size_5-342",
        "http://dl-learner.org/mutagenesis#bond4444",
        "http://dl-learner.org/mutagenesis#d151_8"
      ],
      "negative_examples": [
        "http://dl-learner.org/mutagenesis#ring_size_6-1179",
        "http://dl-learner.org/mutagenesis#bond1608",
        "http://dl-learner.org/mutagenesis#benzene-733",
        "http://dl-learner.org/mutagenesis#bond4949",
        "http://dl-learner.org/mutagenesis#bond442",
        "http://dl-learner.org/mutagenesis#e15_7",
        "http://dl-learner.org/mutagenesis#bond192",
        "http://dl-learner.org/mutagenesis#d9_3",
        "http://dl-learner.org/mutagenesis#d150_12",
        "http://dl-learner.org/mutagenesis#bond4658",
        "http://dl-learner.org/mutagenesis#hetero_aromatic_5_ring-1544",
        "http://dl-learner.org/mutagenesis#bond4387",
        "http://dl-learner.org/mutagenesis#d5_1",
        "http://dl-learner.org/mutagenesis#d166_3",
        "http://dl-learner.org/mutagenesis#bond3207"
      ]
    },
    "RandomUnknown_12": {
      "positive_examples": [
        "http://dl-learner.org/mutagenesis#bond1251",
        "http://dl-learner.org/mutagenesis#ring_size_6-1370",
        "http://dl-learner.org/mutagenesis#bond2155",
        "http://dl-learner.org/mutagenesis#bond4423",
        "http://dl-learner.org/mutagenesis#d40_7",
        "http://dl-learner.org/mutagenesis#bond5795",
        "http://dl-learner.org/mutagenesis#d49_22",
        "http://dl-learner.org/mutagenesis#bond736",
        "http://dl-learner.org/mutagenesis#d143_1",
        "http://dl-learner.org/mutagenesis#d178_4",
        "http://dl-learner.org/mutagenesis#d16_5",
        "http://dl-learner.org/mutagenesis#bond2625",
        "http://dl-learner.org/mutagenesis#bond5664",
        "http://dl-learner.org/mutagenesis#bond3700",
        "http://dl-learner.org/mutagenesis#bond3242"
      ],
      "negative_examples": [
        "http://dl-learner.org/mutagenesis#bond4773",
        "http://dl-learner.org/mutagenesis#d164_3",
        "http://dl-learner.org/mutagenesis#bond478",
        "http://dl-learner.org/mutagenesis#d176_1",
        "http://dl-learner.org/mutagenesis#bond5948",
        "http://dl-learner.org/mutagenesis#d136_7",
        "http://dl-learner.org/mutagenesis#d20_20",
        "http://dl-learner.org/mutagenesis#bond2244",
        "http://dl-learner.org/mutagenesis#bond5767",
        "http://dl-learner.org/mutagenesis#bond196",
        "http://dl-learner.org/mutagenesis#nitro-224",
        "http://dl-learner.org/mutagenesis#d97_28",
        "http://dl-learner.org/mutagenesis#bond5937",
        "http://dl-learner.org/mutagenesis#bond601",
        "http://dl-learner.org/mutagenesis#bond3078"
      ]
    },
    "RandomUnknown_13": {
      "positive_examples": [
        "http://dl-learner.org/mutagenesis#bond462",
        "http://dl-learner.org/mutagenesis#bond5434",
        "http://dl-learner.org/mutagenesis#d92_24",
        "http://dl-learner.org/mutagenesis#d102_24",
        "http://dl-learner.org/mutagenesis#bond4767",
        "http://dl-learner.org/mutagenesis#bond5079",
        "http://dl-learner.org/mutagenesis#e23_15",
        "http://dl-learner.org/mutagenesis#d157_23",
        "http://dl-learner.org/mutagenesis#bond3030",
        "http://dl-learner.org/mutagenesis#nitro-1051",
        "http://dl-learner.org/mutagenesis#d86_29",
        "http://dl-learner.org/mutagenesis#d119_26",
        "http://dl-learner.org/mutagenesis#bond6250",
        "http://dl-learner.org/mutagenesis#bond4023",
        "http://dl-learner.org/mutagenesis#e27_15"
      ],
      "negative_examples": [
        "http://dl-learner.org/mutagenesis#d41_4",
        "http://dl-learner.org/mutagenesis#d48_6",
        "http://dl-learner.org/mutagenesis#bond3337",
        "http://dl-learner.org/mutagenesis#d51_33",
        "http://dl-learner.org/mutagenesis#bond652",
        "http://dl-learner.org/mutagenesis#d162_28",
        "http://dl-learner.org/mutagenesis#e14_3",
        "http://dl-learner.org/mutagenesis#bond3034",
        "http://dl-learner.org/mutagenesis#d16_19",
        "http://dl-learner.org/mutagenesis#d89_5",
        "http://dl-learner.org/mutagenesis#bond6189",
        "http://dl-learner.org/mutagenesis#d184_26",
        "http://dl-learner.org/mutagenesis#bond4060",
        "http://dl-learner.org/mutagenesis#bond3828",
        "http://dl-learner.org/mutagenesis#bond4813"
      ]
    },
    "RandomUnknown_14": {
      "positive_examples": [
        "http://dl-learner.org/mutagenesis#d183_15",
        "http://dl-learner.org/mutagenesis#d72_12",
        "http://dl-learner.org/mutagenesis#ring_size_6-525",
        "http://dl-learner.org/mutagenesis#bond3173",
        "http://dl-learner.org/mutagenesis#bond6091",
        "http://dl-learner.org/mutagenesis#bond6287",
        "http://dl-learner.org/mutagenesis#bond5809",
        "http://dl-learner.org/mutagenesis#d79_21",
        "http://dl-learner.org/mutagenesis#benzene-1453",
        "http://dl-learner.org/mutagenesis#bond1660",
        "http://dl-learner.org/mutagenesis#bond505",
        "http://dl-learner.org/mutagenesis#bond5308",
        "http://dl-learner.org/mutagenesis#bond3241",
        "http://dl-learner.org/mutagenesis#bond1931",
        "http://dl-learner.org/mutagenesis#benzene-985"
      ],
      "negative_examples": [
        "http://dl-learner.org/mutagenesis#d75_15",
        "http://dl-learner.org/mutagenesis#d195_11",
        "http://dl-learner.org/mutagenesis#d71_11",
        "http://dl-learner.org/mutagenesis#bond4341",
        "http://dl-learner.org/mutagenesis#benzene-710",
        "http://dl-learner.org/mutagenesis#bond3894",
        "http://dl-learner.org/mutagenesis#bond111",
        "http://dl-learner.org/mutagenesis#bond4177",
        "http://dl-learner.org/mutagenesis#d134_21",
        "http://dl-learner.org/mutagenesis#bond758",
        "http://dl-learner.org/mutagenesis#ring_size_6-712",
        "http://dl-learner.org/mutagenesis#d24_18",
        "http://dl-learner.org/mutagenesis#d173_13",
        "http://dl-learner.org/mutagenesis#bond2357",
        "http://dl-learner.org/mutagenesis#bond5263"
      ]
    },
    "RandomUnknown_15": {
      "positive_examples": [
        "http://dl-learner.org/mutagenesis#d37_27",
        "http://dl-learner.org/mutagenesis#bond3806",
        "http://dl-learner.org/mutagenesis#bond4429",
        "http://dl-learner.org/mutagenesis#bond4045",
        "http://dl-learner.org/mutagenesis#bond6014",
        "http://dl-learner.org/mutagenesis#bond5567",
        "http://dl-learner.org/mutagenesis#bond2573",
        "http://dl-learner.org/mutagenesis#bond4937",
        "http://dl-learner.org/mutagenesis#bond4804",
        "http://dl-learner.org/mutagenesis#bond1745",
        "http://dl-learner.org/mutagenesis#d54_23",
        "http://dl-learner.org/mutagenesis#bond5764",
        "http://dl-learner.org/mutagenesis#f5_3",
        "http://dl-learner.org/mutagenesis#bond1176",
        "http://dl-learner.org/mutagenesis#d29_9"
      ],
      "negative_examples": [
        "http://dl-learner.org/mutagenesis#bond3266",
        "http://dl-learner.org/mutagenesis#bond2529",
        "http://dl-learner.org/mutagenesis#bond6170",
        "http://dl-learner.org/mutagenesis#bond2817",
        "http://dl-learner.org/mutagenesis#bond238",
        "http://dl-learner.org/mutagenesis#bond4204",
        "http://dl-learner.org/mutagenesis#e13_10",
        "http://dl-learner.org/mutagenesis#d102_18",
        "http://dl-learner.org/mutagenesis#bond3549",
        "http://dl-learner.org/mutagenesis#bond4656",
        "http://dl-learner.org/mutagenesis#d26_13",
        "http://dl-learner.org/mutagenesis#d103_21",
        "http://dl-learner.org/mutagenesis#bond4338",
        "http://dl-learner.org/mutagenesis#nitro-724",
        "http://dl-learner.org/mutagenesis#nitro-1398"
      ]
    },
    "RandomUnknown_16": {
      "positive_examples": [
        "http://dl-learner.org/mutagenesis#bond2771",
        "http://dl-learner.org/mutagenesis#bond1670",
        "http://dl-learner.org/mutagenesis#d12_5",
        "http://dl-learner.org/mutagenesis#d190_7",
        "http://dl-learner.org/mutagenesis#bond4602",
        "http://dl-learner.org/mutagenesis#bond5426",
        "http://dl-learner.org/mutagenesis#d82_3",
        "http://dl-learner.org/mutagenesis#d14_15",
        "http://dl-learner.org/mutagenesis#d178_12",
        "http://dl-learner.org/mutagenesis#bond952",
        "http://dl-learner.org/mutagenesis#d120",
        "http://dl-learner.org/mutagenesis#d162_23",
        "http://dl-learner.org/mutagenesis#d56_17",
        "http://dl-learner.org/mutagenesis#e19_1",
        "http://dl-learner.org/mutagenesis#ring_size_6-1497"
      ],
      "negative_examples": [
        "http://dl-learner.org/mutagenesis#e6_8",
        "http://dl-learner.org/mutagenesis#d114_16",
        "http://dl-learner.org/mutagenesis#d69_25",
        "http://dl-learner.org/mutagenesis#bond4804",
        "http://dl-learner.org/mutagenesis#d49_22",
        "http://dl-learner.org/mutagenesis#bond4072",
        "http://dl-learner.org/mutagenesis#bond3556",
        "http://dl-learner.org/mutagenesis#d26_14",
        "http://dl-learner.org/mutagenesis#d110_15",
        "http://dl-learner.org/mutagenesis#bond600",
        "http://dl-learner.org/mutagenesis#d27_9",
        "http://dl-learner.org/mutagenesis#bond5001",
        "http://dl-learner.org/mutagenesis#bond3569",
        "http://dl-learner.org/mutagenesis#e6_2",
        "http://dl-learner.org/mutagenesis#bond1610"
      ]
    },
    "RandomUnknown_17": {
      "positive_examples": [
        "http://dl-learner.org/mutagenesis#bond775",
        "http://dl-learner.org/mutagenesis#d183_6",
        "http://dl-learner.org/mutagenesis#bond4907",
        "http://dl-learner.org/mutagenesis#d32_9",
        "http://dl-learner.org/mutagenesis#bond1109",
        "http://dl-learner.org/mutagenesis#bond1385",
        "http://dl-learner.org/mutagenesis#d48_3",
        "http://dl-learner.org/mutagenesis#d146_12",
        "http://dl-learner.org/mutagenesis#bond6201",
        "http://dl-learner.org/mutagenesis#f3_18",
        "http://dl-learner.org/mutagenesis#bond850",
        "http://dl-learner.org/mutagenesis#bond4985",
        "http://dl-learner.org/mutagenesis#bond2114",
        "http://dl-learner.org/mutagenesis#bond5099",
        "http://dl-learner.org/mutagenesis#bond3964"
      ],
      "negative_examples": [
        "http://dl-learner.org/mutagenesis#bond6137",
        "http://dl-learner.org/mutagenesis#d181_16",
        "http://dl-learner.org/mutagenesis#bond478",
        "http://dl-learner.org/mutagenesis#d149_10",
        "http://dl-learner.org/mutagenesis#bond3118",
        "http://dl-learner.org/mutagenesis#e8_8",
        "http://dl-learner.org/mutagenesis#d66_23",
        "http://dl-learner.org/mutagenesis#bond2029",
        "http://dl-learner.org/mutagenesis#methyl-1711",
        "http://dl-learner.org/mutagenesis#d47_1",
        "http://dl-learner.org/mutagenesis#bond1009",
        "http://dl-learner.org/mutagenesis#bond4474",
        "http://dl-learner.org/mutagenesis#e20_21",
        "http://dl-learner.org/mutagenesis#e18_1",
        "http://dl-learner.org/mutagenesis#d134"
      ]
    },
    "RandomUnknown_18": {
      "positive_examples": [
        "http://dl-learner.org/mutagenesis#d117_12",
        "http://dl-learner.org/mutagenesis#bond4760",
        "http://dl-learner.org/mutagenesis#e1_11",
        "http://dl-learner.org/mutagenesis#bond2615",
        "http://dl-learner.org/mutagenesis#bond4531",
        "http://dl-learner.org/mutagenesis#bond4224",
        "http://dl-learner.org/mutagenesis#bond2753",
        "http://dl-learner.org/mutagenesis#nitro-1423",
        "http://dl-learner.org/mutagenesis#bond1447",
        "http://dl-learner.org/mutagenesis#bond901",
        "http://dl-learner.org/mutagenesis#bond3174",
        "http://dl-learner.org/mutagenesis#d80_16",
        "http://dl-learner.org/mutagenesis#d159_20",
        "http://dl-learner.org/mutagenesis#ring_size_6-1146",
        "http://dl-learner.org/mutagenesis#benzene-899"
      ],
      "negative_examples": [
        "http://dl-learner.org/mutagenesis#bond858",
        "http://dl-learner.org/mutagenesis#d154_13",
        "http://dl-learner.org/mutagenesis#d75_17",
        "http://dl-learner.org/mutagenesis#bond5732",
        "http://dl-learner.org/mutagenesis#bond1726",
        "http://dl-learner.org/mutagenesis#e21_21",
        "http://dl-learner.org/mutagenesis#e16_3",
        "http://dl-learner.org/mutagenesis#d177_9",
        "http://dl-learner.org/mutagenesis#d78_5",
        "http://dl-learner.org/mutagenesis#bond1349",
        "http://dl-learner.org/mutagenesis#d10_3",
        "http://dl-learner.org/mutagenesis#d192_24",
        "http://dl-learner.org/mutagenesis#d180_7",
        "http://dl-learner.org/mutagenesis#d166_1",
        "http://dl-learner.org/mutagenesis#bond6098"
      ]
    },
    "RandomUnknown_19": {
      "positive_examples": [
        "http://dl-learner.org/mutagenesis#bond1737",
        "http://dl-learner.org/mutagenesis#e26_29",
        "http://dl-learner.org/mutagenesis#bond4425",
        "http://dl-learner.org/mutagenesis#bond1870",
        "http://dl-learner.org/mutagenesis#bond2847",
        "http://dl-learner.org/mutagenesis#d71_39",
        "http://dl-learner.org/mutagenesis#bond2685",
        "http://dl-learner.org/mutagenesis#d73",
        "http://dl-learner.org/mutagenesis#d161_14",
        "http://dl-learner.org/mutagenesis#bond3057",
        "http://dl-learner.org/mutagenesis#bond4874",
        "http://dl-learner.org/mutagenesis#d126_2",
        "http://dl-learner.org/mutagenesis#bond1562",
        "http://dl-learner.org/mutagenesis#benzene-327",
        "http://dl-learner.org/mutagenesis#e7_16"
      ],
      "negative_examples": [
        "http://dl-learner.org/mutagenesis#benzene-1000",
        "http://dl-learner.org/mutagenesis#benzene-91",
        "http://dl-learner.org/mutagenesis#d40_19",
        "http://dl-learner.org/mutagenesis#ring_size_6-643",
        "http://dl-learner.org/mutagenesis#d76",
        "http://dl-learner.org/mutagenesis#ring_size_6-258",
        "http://dl-learner.org/mutagenesis#d43_21",
        "http://dl-learner.org/mutagenesis#ring_size_6-630",
        "http://dl-learner.org/mutagenesis#bond2348",
        "http://dl-learner.org/mutagenesis#d169_11",
        "http://dl-learner.org/mutagenesis#bond871",
        "http://dl-learner.org/mutagenesis#e27_6",
        "http://dl-learner.org/mutagenesis#d74_28",
        "http://dl-learner.org/mutagenesis#bond610",
        "http://dl-learner.org/mutagenesis#bond5265"
      ]
    },
    "RandomUnknown_20": {
      "positive_examples": [
        "http://dl-learner.org/mutagenesis#ring_size_6-520",
        "http://dl-learner.org/mutagenesis#d127_2",
        "http://dl-learner.org/mutagenesis#bond1512",
        "http://dl-learner.org/mutagenesis#d119_16",
        "http://dl-learner.org/mutagenesis#e10_12",
        "http://dl-learner.org/mutagenesis#d173_19",
        "http://dl-learner.org/mutagenesis#d67",
        "http://dl-learner.org/mutagenesis#bond3968",
        "http://dl-learner.org/mutagenesis#d100_3",
        "http://dl-learner.org/mutagenesis#benzene-1268",
        "http://dl-learner.org/mutagenesis#d90_19",
        "http://dl-learner.org/mutagenesis#bond2900",
        "http://dl-learner.org/mutagenesis#bond5659",
        "http://dl-learner.org/mutagenesis#d183",
        "http://dl-learner.org/mutagenesis#d73_20"
      ],
      "negative_examples": [
        "http://dl-learner.org/mutagenesis#d124_10",
        "http://dl-learner.org/mutagenesis#bond4844",
        "http://dl-learner.org/mutagenesis#d197_11",
        "http://dl-learner.org/mutagenesis#bond2064",
        "http://dl-learner.org/mutagenesis#bond4441",
        "http://dl-learner.org/mutagenesis#bond2145",
        "http://dl-learner.org/mutagenesis#bond4749",
        "http://dl-learner.org/mutagenesis#e3",
        "http://dl-learner.org/mutagenesis#d93_6",
        "http://dl-learner.org/mutagenesis#d6_14",
        "http://dl-learner.org/mutagenesis#bond2801",
        "http://dl-learner.org/mutagenesis#bond2150",
        "http://dl-learner.org/mutagenesis#bond5311",
        "http://dl-learner.org/mutagenesis#d141",
        "http://dl-learner.org/mutagenesis#bond905"
      ]
    },
    "RandomUnknown_21": {
      "positive_examples": [
        "http://dl-learner.org/mutagenesis#d81_12",
        "http://dl-learner.org/mutagenesis#bond411",
        "http://dl-learner.org/mutagenesis#bond6010",
        "http://dl-learner.org/mutagenesis#d164_19",
        "http://dl-learner.org/mutagenesis#d182_4",
        "http://dl-learner.org/mutagenesis#benzene-1573",
        "http://dl-learner.org/mutagenesis#bond2978",
        "http://dl-learner.org/mutagenesis#d180_16",
        "http://dl-learner.org/mutagenesis#bond4173",
        "http://dl-learner.org/mutagenesis#d56_21",
        "http://dl-learner.org/mutagenesis#bond4122",
        "http://dl-learner.org/mutagenesis#d106_12",
        "http://dl-learner.org/mutagenesis#bond5878",
        "http://dl-learner.org/mutagenesis#nitro-260",
        "http://dl-learner.org/mutagenesis#d36_9"
      ],
      "negative_examples": [
        "http://dl-learner.org/mutagenesis#d63_17",
        "http://dl-learner.org/mutagenesis#bond2171",
        "http://dl-learner.org/mutagenesis#d135_5",
        "http://dl-learner.org/mutagenesis#e3_20",
        "http://dl-learner.org/mutagenesis#carbon_6_ring-183",
        "http://dl-learner.org/mutagenesis#bond4668",
        "http://dl-learner.org/mutagenesis#nitro-36",
        "http://dl-learner.org/mutagenesis#d8_9",
        "http://dl-learner.org/mutagenesis#d69_3",
        "http://dl-learner.org/mutagenesis#bond2370",
        "http://dl-learner.org/mutagenesis#d161_14",
        "http://dl-learner.org/mutagenesis#d96_7",
        "http://dl-learner.org/mutagenesis#d90_11",
        "http://dl-learner.org/mutagenesis#d194_14",
        "http://dl-learner.org/mutagenesis#d147_6"
      ]
    },
    "RandomUnknown_22": {
      "positive_examples": [
        "http://dl-learner.org/mutagenesis#d85_4",
        "http://dl-learner.org/mutagenesis#bond3487",
        "http://dl-learner.org/mutagenesis#bond2832",
        "http://dl-learner.org/mutagenesis#d36_10",
        "http://dl-learner.org/mutagenesis#d129",
        "http://dl-learner.org/mutagenesis#benzene-1675",
        "http://dl-learner.org/mutagenesis#bond981",
        "http://dl-learner.org/mutagenesis#d128_20",
        "http://dl-learner.org/mutagenesis#benzene-1437",
        "http://dl-learner.org/mutagenesis#ring_size_6-883",
        "http://dl-learner.org/mutagenesis#e26",
        "http://dl-learner.org/mutagenesis#d96_12",
        "http://dl-learner.org/mutagenesis#benzene-997",
        "http://dl-learner.org/mutagenesis#bond5857",
        "http://dl-learner.org/mutagenesis#bond6157"
      ],
      "negative_examples": [
        "http://dl-learner.org/mutagenesis#bond1692",
        "http://dl-learner.org/mutagenesis#bond5721",
        "http://dl-learner.org/mutagenesis#d4_27",
        "http://dl-learner.org/mutagenesis#bond3819",
        "http://dl-learner.org/mutagenesis#d162_3",
        "http://dl-learner.org/mutagenesis#f6_5",
        "http://dl-learner.org/mutagenesis#bond288",
        "http://dl-learner.org/mutagenesis#d97_10",
        "http://dl-learner.org/mutagenesis#bond1413",
        "http://dl-learner.org/mutagenesis#bond4792",
        "http://dl-learner.org/mutagenesis#ring_size_6-714",
        "http://dl-learner.org/mutagenesis#bond3517",
        "http://dl-learner.org/mutagenesis#bond837",
        "http://dl-learner.org/mutagenesis#d93_20",
        "http://dl-learner.org/mutagenesis#bond503"
      ]
    },
    "RandomUnknown_23": {
      "positive_examples": [
        "http://dl-learner.org/mutagenesis#bond748",
        "http://dl-learner.org/mutagenesis#bond4787",
        "http://dl-learner.org/mutagenesis#bond3006",
        "http://dl-learner.org/mutagenesis#d93_8",
        "http://dl-learner.org/mutagenesis#d119_9",
        "http://dl-learner.org/mutagenesis#bond3746",
        "http://dl-learner.org/mutagenesis#ring_size_6-750",
        "http://dl-learner.org/mutagenesis#bond4158",
        "http://dl-learner.org/mutagenesis#bond153",
        "http://dl-learner.org/mutagenesis#ring_size_6-253",
        "http://dl-learner.org/mutagenesis#bond1111",
        "http://dl-learner.org/mutagenesis#d12_29",
        "http://dl-learner.org/mutagenesis#phenanthrene-143",
        "http://dl-learner.org/mutagenesis#bond2740",
        "http://dl-learner.org/mutagenesis#bond5070"
      ],
      "negative_examples": [
        "http://dl-learner.org/mutagenesis#bond355",
        "http://dl-learner.org/mutagenesis#bond713",
        "http://dl-learner.org/mutagenesis#d107_9",
        "http://dl-learner.org/mutagenesis#d118_21",
        "http://dl-learner.org/mutagenesis#bond4827",
        "http://dl-learner.org/mutagenesis#d90_12",
        "http://dl-learner.org/mutagenesis#bond2782",
        "http://dl-learner.org/mutagenesis#bond2637",
        "http://dl-learner.org/mutagenesis#bond2658",
        "http://dl-learner.org/mutagenesis#d37_4",
        "http://dl-learner.org/mutagenesis#d59_14",
        "http://dl-learner.org/mutagenesis#d4_9",
        "http://dl-learner.org/mutagenesis#bond2786",
        "http://dl-learner.org/mutagenesis#d40_12",
        "http://dl-learner.org/mutagenesis#d26_12"
      ]
    },
    "RandomUnknown_24": {
      "positive_examples": [
        "http://dl-learner.org/mutagenesis#bond1249",
        "http://dl-learner.org/mutagenesis#bond5365",
        "http://dl-learner.org/mutagenesis#d42_11",
        "http://dl-learner.org/mutagenesis#d69_11",
        "http://dl-learner.org/mutagenesis#bond5901",
        "http://dl-learner.org/mutagenesis#d179_22",
        "http://dl-learner.org/mutagenesis#bond4136",
        "http://dl-learner.org/mutagenesis#d14_16",
        "http://dl-learner.org/mutagenesis#d32_6",
        "http://dl-learner.org/mutagenesis#benzene-823",
        "http://dl-learner.org/mutagenesis#bond6188",
        "http://dl-learner.org/mutagenesis#bond1323",
        "http://dl-learner.org/mutagenesis#bond3470",
        "http://dl-learner.org/mutagenesis#bond5905",
        "http://dl-learner.org/mutagenesis#bond4712"
      ],
      "negative_examples": [
        "http://dl-learner.org/mutagenesis#d113_16",
        "http://dl-learner.org/mutagenesis#e20_26",
        "http://dl-learner.org/mutagenesis#bond1299",
        "http://dl-learner.org/mutagenesis#d55_2",
        "http://dl-learner.org/mutagenesis#bond2023",
        "http://dl-learner.org/mutagenesis#bond2743",
        "http://dl-learner.org/mutagenesis#bond3291",
        "http://dl-learner.org/mutagenesis#d183_16",
        "http://dl-learner.org/mutagenesis#benzene-1253",
        "http://dl-learner.org/mutagenesis#e24_18",
        "http://dl-learner.org/mutagenesis#d81_13",
        "http://dl-learner.org/mutagenesis#bond548",
        "http://dl-learner.org/mutagenesis#bond3947",
        "http://dl-learner.org/mutagenesis#d77_21",
        "http://dl-learner.org/mutagenesis#bond429"
      ]
    },
    "RandomUnknown_25": {
      "positive_examples": [
        "http://dl-learner.org/mutagenesis#bond3129",
        "http://dl-learner.org/mutagenesis#d16_10",
        "http://dl-learner.org/mutagenesis#d148_15",
        "http://dl-learner.org/mutagenesis#bond4238",
        "http://dl-learner.org/mutagenesis#d100_11",
        "http://dl-learner.org/mutagenesis#d184_25",
        "http://dl-learner.org/mutagenesis#d76_1",
        "http://dl-learner.org/mutagenesis#bond764",
        "http://dl-learner.org/mutagenesis#bond5071",
        "http://dl-learner.org/mutagenesis#d166_22",
        "http://dl-learner.org/mutagenesis#d11_9",
        "http://dl-learner.org/mutagenesis#d15_5",
        "http://dl-learner.org/mutagenesis#d156_6",
        "http://dl-learner.org/mutagenesis#bond1563",
        "http://dl-learner.org/mutagenesis#d140_21"
      ],
      "negative_examples": [
        "http://dl-learner.org/mutagenesis#bond2938",
        "http://dl-learner.org/mutagenesis#benzene-279",
        "http://dl-learner.org/mutagenesis#f5_14",
        "http://dl-learner.org/mutagenesis#d13_1",
        "http://dl-learner.org/mutagenesis#bond5932",
        "http://dl-learner.org/mutagenesis#bond1559",
        "http://dl-learner.org/mutagenesis#d123_11",
        "http://dl-learner.org/mutagenesis#bond1150",
        "http://dl-learner.org/mutagenesis#bond3115",
        "http://dl-learner.org/mutagenesis#bond4768",
        "http://dl-learner.org/mutagenesis#ring_size_6-918",
        "http://dl-learner.org/mutagenesis#bond3059",
        "http://dl-learner.org/mutagenesis#bond6267",
        "http://dl-learner.org/mutagenesis#e22_36",
        "http://dl-learner.org/mutagenesis#d64_16"
      ]
    },
    "RandomUnknown_26": {
      "positive_examples": [
        "http://dl-learner.org/mutagenesis#d63_26",
        "http://dl-learner.org/mutagenesis#bond4219",
        "http://dl-learner.org/mutagenesis#ring_size_6-1656",
        "http://dl-learner.org/mutagenesis#hetero_aromatic_6_ring-1239",
        "http://dl-learner.org/mutagenesis#f2_2",
        "http://dl-learner.org/mutagenesis#d71_2",
        "http://dl-learner.org/mutagenesis#d1_18",
        "http://dl-learner.org/mutagenesis#bond1032",
        "http://dl-learner.org/mutagenesis#d73_25",
        "http://dl-learner.org/mutagenesis#d22_12",
        "http://dl-learner.org/mutagenesis#d48_5",
        "http://dl-learner.org/mutagenesis#bond3029",
        "http://dl-learner.org/mutagenesis#d187_11",
        "http://dl-learner.org/mutagenesis#bond3470",
        "http://dl-learner.org/mutagenesis#bond2288"
      ],
      "negative_examples": [
        "http://dl-learner.org/mutagenesis#ring_size_6-418",
        "http://dl-learner.org/mutagenesis#d32_21",
        "http://dl-learner.org/mutagenesis#bond3693",
        "http://dl-learner.org/mutagenesis#bond265",
        "http://dl-learner.org/mutagenesis#d117_14",
        "http://dl-learner.org/mutagenesis#bond5162",
        "http://dl-learner.org/mutagenesis#d10_17",
        "http://dl-learner.org/mutagenesis#bond2835",
        "http://dl-learner.org/mutagenesis#bond4590",
        "http://dl-learner.org/mutagenesis#nitro-84",
        "http://dl-learner.org/mutagenesis#bond5897",
        "http://dl-learner.org/mutagenesis#d94_18",
        "http://dl-learner.org/mutagenesis#bond4276",
        "http://dl-learner.org/mutagenesis#d137_17",
        "http://dl-learner.org/mutagenesis#e14_1"
      ]
    },
    "RandomUnknown_27": {
      "positive_examples": [
        "http://dl-learner.org/mutagenesis#bond2743",
        "http://dl-learner.org/mutagenesis#bond1019",
        "http://dl-learner.org/mutagenesis#bond1234",
        "http://dl-learner.org/mutagenesis#bond2374",
        "http://dl-learner.org/mutagenesis#bond48",
        "http://dl-learner.org/mutagenesis#e1_22",
        "http://dl-learner.org/mutagenesis#d156_7",
        "http://dl-learner.org/mutagenesis#d9_6",
        "http://dl-learner.org/mutagenesis#bond4236",
        "http://dl-learner.org/mutagenesis#bond1996",
        "http://dl-learner.org/mutagenesis#bond967",
        "http://dl-learner.org/mutagenesis#bond558",
        "http://dl-learner.org/mutagenesis#bond2153",
        "http://dl-learner.org/mutagenesis#bond53",
        "http://dl-learner.org/mutagenesis#bond6124"
      ],
      "negative_examples": [
        "http://dl-learner.org/mutagenesis#d23_31",
        "http://dl-learner.org/mutagenesis#e23_4",
        "http://dl-learner.org/mutagenesis#bond1283",
        "http://dl-learner.org/mutagenesis#d103_28",
        "http://dl-learner.org/mutagenesis#bond6199",
        "http://dl-learner.org/mutagenesis#f4_24",
        "http://dl-learner.org/mutagenesis#benzene-262",
        "http://dl-learner.org/mutagenesis#d10_28",
        "http://dl-learner.org/mutagenesis#d8_21",
        "http://dl-learner.org/mutagenesis#ring_size_6-328",
        "http://dl-learner.org/mutagenesis#bond2952",
        "http://dl-learner.org/mutagenesis#bond5471",
        "http://dl-learner.org/mutagenesis#bond5936",
        "http://dl-learner.org/mutagenesis#nitro-1039",
        "http://dl-learner.org/mutagenesis#d130_2"
      ]
    },
    "RandomUnknown_28": {
      "positive_examples": [
        "http://dl-learner.org/mutagenesis#d119_16",
        "http://dl-learner.org/mutagenesis#d118_8",
        "http://dl-learner.org/mutagenesis#bond3850",
        "http://dl-learner.org/mutagenesis#bond4178",
        "http://dl-learner.org/mutagenesis#d42_9",
        "http://dl-learner.org/mutagenesis#e15_26",
        "http://dl-learner.org/mutagenesis#bond6175",
        "http://dl-learner.org/mutagenesis#bond5579",
        "http://dl-learner.org/mutagenesis#d173_24",
        "http://dl-learner.org/mutagenesis#bond1518",
        "http://dl-learner.org/mutagenesis#d108_9",
        "http://dl-learner.org/mutagenesis#d80_24",
        "http://dl-learner.org/mutagenesis#ring_size_6-1509",
        "http://dl-learner.org/mutagenesis#ring_size_6-1574",
        "http://dl-learner.org/mutagenesis#d27_2"
      ],
      "negative_examples": [
        "http://dl-learner.org/mutagenesis#d23_20",
        "http://dl-learner.org/mutagenesis#bond4209",
        "http://dl-learner.org/mutagenesis#ring_size_5-1367",
        "http://dl-learner.org/mutagenesis#bond5374",
        "http://dl-learner.org/mutagenesis#d66_7",
        "http://dl-learner.org/mutagenesis#d35_3",
        "http://dl-learner.org/mutagenesis#bond3165",
        "http://dl-learner.org/mutagenesis#d104_34",
        "http://dl-learner.org/mutagenesis#d80_25",
        "http://dl-learner.org/mutagenesis#d91_21",
        "http://dl-learner.org/mutagenesis#benzene-924",
        "http://dl-learner.org/mutagenesis#bond926",
        "http://dl-learner.org/mutagenesis#nitro-1171",
        "http://dl-learner.org/mutagenesis#bond1636",
        "http://dl-learner.org/mutagenesis#d87_12"
      ]
    },
    "RandomUnknown_29": {
      "positive_examples": [
        "http://dl-learner.org/mutagenesis#bond500",
        "http://dl-learner.org/mutagenesis#d117_18",
        "http://dl-learner.org/mutagenesis#e3_21",
        "http://dl-learner.org/mutagenesis#e7_5",
        "http://dl-learner.org/mutagenesis#bond1661",
        "http://dl-learner.org/mutagenesis#d136_8",
        "http://dl-learner.org/mutagenesis#bond12",
        "http://dl-learner.org/mutagenesis#d33",
        "http://dl-learner.org/mutagenesis#d24_31",
        "http://dl-learner.org/mutagenesis#hetero_aromatic_6_ring-1400",
        "http://dl-learner.org/mutagenesis#bond3273",
        "http://dl-learner.org/mutagenesis#d65_21",
        "http://dl-learner.org/mutagenesis#bond5740",
        "http://dl-learner.org/mutagenesis#d64_15",
        "http://dl-learner.org/mutagenesis#d187_5"
      ],
      "negative_examples": [
        "http://dl-learner.org/mutagenesis#d165_16",
        "http://dl-learner.org/mutagenesis#bond1163",
        "http://dl-learner.org/mutagenesis#bond4267",
        "http://dl-learner.org/mutagenesis#d128_1",
        "http://dl-learner.org/mutagenesis#bond6033",
        "http://dl-learner.org/mutagenesis#d104_37",
        "http://dl-learner.org/mutagenesis#d13_1",
        "http://dl-learner.org/mutagenesis#bond3948",
        "http://dl-learner.org/mutagenesis#d33_15",
        "http://dl-learner.org/mutagenesis#bond4647",
        "http://dl-learner.org/mutagenesis#bond4566",
        "http://dl-learner.org/mutagenesis#bond2226",
        "http://dl-learner.org/mutagenesis#d192_21",
        "http://dl-learner.org/mutagenesis#bond3610",
        "http://dl-learner.org/mutagenesis#bond4076"
      ]
    },
    "RandomUnknown_30": {
      "positive_examples": [
        "http://dl-learner.org/mutagenesis#d20_13",
        "http://dl-learner.org/mutagenesis#bond5615",
        "http://dl-learner.org/mutagenesis#e6_21",
        "http://dl-learner.org/mutagenesis#bond3613",
        "http://dl-learner.org/mutagenesis#benzene-1210",
        "http://dl-learner.org/mutagenesis#d183_11",
        "http://dl-learner.org/mutagenesis#bond2247",
        "http://dl-learner.org/mutagenesis#methyl-1695",
        "http://dl-learner.org/mutagenesis#d26",
        "http://dl-learner.org/mutagenesis#bond306",
        "http://dl-learner.org/mutagenesis#bond1392",
        "http://dl-learner.org/mutagenesis#d64_12",
        "http://dl-learner.org/mutagenesis#d158_16",
        "http://dl-learner.org/mutagenesis#bond925",
        "http://dl-learner.org/mutagenesis#d23_9"
      ],
      "negative_examples": [
        "http://dl-learner.org/mutagenesis#bond1750",
        "http://dl-learner.org/mutagenesis#bond397",
        "http://dl-learner.org/mutagenesis#bond4345",
        "http://dl-learner.org/mutagenesis#bond5276",
        "http://dl-learner.org/mutagenesis#bond5557",
        "http://dl-learner.org/mutagenesis#nitro-614",
        "http://dl-learner.org/mutagenesis#d68_1",
        "http://dl-learner.org/mutagenesis#d157_2",
        "http://dl-learner.org/mutagenesis#ring_size_6-318",
        "http://dl-learner.org/mutagenesis#d165_4",
        "http://dl-learner.org/mutagenesis#d75_25",
        "http://dl-learner.org/mutagenesis#d182_21",
        "http://dl-learner.org/mutagenesis#benzene-1254",
        "http://dl-learner.org/mutagenesis#bond2253",
        "http://dl-learner.org/mutagenesis#benzene-984"
      ]
    },
    "RandomUnknown_31": {
      "positive_examples": [
        "http://dl-learner.org/mutagenesis#d177_4",
        "http://dl-learner.org/mutagenesis#bond1871",
        "http://dl-learner.org/mutagenesis#bond93",
        "http://dl-learner.org/mutagenesis#e17_13",
        "http://dl-learner.org/mutagenesis#ring_size_6-1455",
        "http://dl-learner.org/mutagenesis#bond3352",
        "http://dl-learner.org/mutagenesis#d54_24",
        "http://dl-learner.org/mutagenesis#e13_2",
        "http://dl-learner.org/mutagenesis#bond5409",
        "http://dl-learner.org/mutagenesis#bond952",
        "http://dl-learner.org/mutagenesis#d49_11",
        "http://dl-learner.org/mutagenesis#d135_12",
        "http://dl-learner.org/mutagenesis#d163_19",
        "http://dl-learner.org/mutagenesis#bond4227",
        "http://dl-learner.org/mutagenesis#bond3004"
      ],
      "negative_examples": [
        "http://dl-learner.org/mutagenesis#bond5836",
        "http://dl-learner.org/mutagenesis#d166_16",
        "http://dl-learner.org/mutagenesis#bond5591",
        "http://dl-learner.org/mutagenesis#bond1520",
        "http://dl-learner.org/mutagenesis#nitro-36",
        "http://dl-learner.org/mutagenesis#d8_7",
        "http://dl-learner.org/mutagenesis#benzene-1089",
        "http://dl-learner.org/mutagenesis#e20_25",
        "http://dl-learner.org/mutagenesis#bond5238",
        "http://dl-learner.org/mutagenesis#d138_21",
        "http://dl-learner.org/mutagenesis#bond1073",
        "http://dl-learner.org/mutagenesis#ring_size_5-585",
        "http://dl-learner.org/mutagenesis#d162_11",
        "http://dl-learner.org/mutagenesis#e14_11",
        "http://dl-learner.org/mutagenesis#bond6124"
      ]
    },
    "RandomUnknown_32": {
      "positive_examples": [
        "http://dl-learner.org/mutagenesis#nitro-833",
        "http://dl-learner.org/mutagenesis#bond2363",
        "http://dl-learner.org/mutagenesis#bond4110",
        "http://dl-learner.org/mutagenesis#bond3841",
        "http://dl-learner.org/mutagenesis#bond3056",
        "http://dl-learner.org/mutagenesis#bond4900",
        "http://dl-learner.org/mutagenesis#d171_5",
        "http://dl-learner.org/mutagenesis#bond2326",
        "http://dl-learner.org/mutagenesis#bond532",
        "http://dl-learner.org/mutagenesis#nitro-1609",
        "http://dl-learner.org/mutagenesis#d96_10",
        "http://dl-learner.org/mutagenesis#bond3524",
        "http://dl-learner.org/mutagenesis#d145_9",
        "http://dl-learner.org/mutagenesis#bond5507",
        "http://dl-learner.org/mutagenesis#bond4962"
      ],
      "negative_examples": [
        "http://dl-learner.org/mutagenesis#d170_14",
        "http://dl-learner.org/mutagenesis#d162_24",
        "http://dl-learner.org/mutagenesis#bond661",
        "http://dl-learner.org/mutagenesis#d68_16",
        "http://dl-learner.org/mutagenesis#bond2396",
        "http://dl-learner.org/mutagenesis#d39_17",
        "http://dl-learner.org/mutagenesis#d47_22",
        "http://dl-learner.org/mutagenesis#bond3615",
        "http://dl-learner.org/mutagenesis#bond4909",
        "http://dl-learner.org/mutagenesis#e12_13",
        "http://dl-learner.org/mutagenesis#bond3123",
        "http://dl-learner.org/mutagenesis#bond1507",
        "http://dl-learner.org/mutagenesis#d73_20",
        "http://dl-learner.org/mutagenesis#d49_8",
        "http://dl-learner.org/mutagenesis#bond4940"
      ]
    },
    "RandomUnknown_33": {
      "positive_examples": [
        "http://dl-learner.org/mutagenesis#d131_18",
        "http://dl-learner.org/mutagenesis#d178_14",
        "http://dl-learner.org/mutagenesis#e25_34",
        "http://dl-learner.org/mutagenesis#d56_16",
        "http://dl-learner.org/mutagenesis#bond1313",
        "http://dl-learner.org/mutagenesis#ring_size_6-1595",
        "http://dl-learner.org/mutagenesis#d137_6",
        "http://dl-learner.org/mutagenesis#bond4927",
        "http://dl-learner.org/mutagenesis#bond6064",
        "http://dl-learner.org/mutagenesis#d43_6",
        "http://dl-learner.org/mutagenesis#bond5596",
        "http://dl-learner.org/mutagenesis#d107",
        "http://dl-learner.org/mutagenesis#d187_7",
        "http://dl-learner.org/mutagenesis#bond1373",
        "http://dl-learner.org/mutagenesis#bond4862"
      ],
      "negative_examples": [
        "http://dl-learner.org/mutagenesis#d19_7",
        "http://dl-learner.org/mutagenesis#bond4570",
        "http://dl-learner.org/mutagenesis#bond1922",
        "http://dl-learner.org/mutagenesis#e26_14",
        "http://dl-learner.org/mutagenesis#bond4971",
        "http://dl-learner.org/mutagenesis#d74_21",
        "http://dl-learner.org/mutagenesis#d175_12",
        "http://dl-learner.org/mutagenesis#d134_27",
        "http://dl-learner.org/mutagenesis#d151_6",
        "http://dl-learner.org/mutagenesis#d91_21",
        "http://dl-learner.org/mutagenesis#d147_8",
        "http://dl-learner.org/mutagenesis#d154_16",
        "http://dl-learner.org/mutagenesis#bond2404",
        "http://dl-learner.org/mutagenesis#d40_7",
        "http://dl-learner.org/mutagenesis#nitro-1552"
      ]
    },
    "RandomUnknown_34": {
      "positive_examples": [
        "http://dl-learner.org/mutagenesis#d149_17",
        "http://dl-learner.org/mutagenesis#d70_12",
        "http://dl-learner.org/mutagenesis#bond609",
        "http://dl-learner.org/mutagenesis#d122_13",
        "http://dl-learner.org/mutagenesis#d126_18",
        "http://dl-learner.org/mutagenesis#bond1717",
        "http://dl-learner.org/mutagenesis#d120_7",
        "http://dl-learner.org/mutagenesis#e26_18",
        "http://dl-learner.org/mutagenesis#bond3558",
        "http://dl-learner.org/mutagenesis#bond6064",
        "http://dl-learner.org/mutagenesis#nitro-1286",
        "http://dl-learner.org/mutagenesis#bond5345",
        "http://dl-learner.org/mutagenesis#d37",
        "http://dl-learner.org/mutagenesis#bond2583",
        "http://dl-learner.org/mutagenesis#d172_16"
      ],
      "negative_examples": [
        "http://dl-learner.org/mutagenesis#d134_13",
        "http://dl-learner.org/mutagenesis#bond4280",
        "http://dl-learner.org/mutagenesis#d150_7",
        "http://dl-learner.org/mutagenesis#bond4476",
        "http://dl-learner.org/mutagenesis#bond2822",
        "http://dl-learner.org/mutagenesis#bond3599",
        "http://dl-learner.org/mutagenesis#bond4204",
        "http://dl-learner.org/mutagenesis#d13_19",
        "http://dl-learner.org/mutagenesis#bond2572",
        "http://dl-learner.org/mutagenesis#d17_9",
        "http://dl-learner.org/mutagenesis#d119_6",
        "http://dl-learner.org/mutagenesis#e4_21",
        "http://dl-learner.org/mutagenesis#e25",
        "http://dl-learner.org/mutagenesis#d58_13",
        "http://dl-learner.org/mutagenesis#d159_18"
      ]
    },
    "RandomUnknown_35": {
      "positive_examples": [
        "http://dl-learner.org/mutagenesis#bond2295",
        "http://dl-learner.org/mutagenesis#bond305",
        "http://dl-learner.org/mutagenesis#ring_size_6-1387",
        "http://dl-learner.org/mutagenesis#e23_27",
        "http://dl-learner.org/mutagenesis#bond6257",
        "http://dl-learner.org/mutagenesis#bond5833",
        "http://dl-learner.org/mutagenesis#ring_size_6-819",
        "http://dl-learner.org/mutagenesis#bond3111",
        "http://dl-learner.org/mutagenesis#d52_30",
        "http://dl-learner.org/mutagenesis#bond5426",
        "http://dl-learner.org/mutagenesis#d171_21",
        "http://dl-learner.org/mutagenesis#bond3014",
        "http://dl-learner.org/mutagenesis#bond759",
        "http://dl-learner.org/mutagenesis#bond3991",
        "http://dl-learner.org/mutagenesis#bond6278"
      ],
      "negative_examples": [
        "http://dl-learner.org/mutagenesis#ring_size_6-263",
        "http://dl-learner.org/mutagenesis#bond163",
        "http://dl-learner.org/mutagenesis#bond2679",
        "http://dl-learner.org/mutagenesis#benzene-655",
        "http://dl-learner.org/mutagenesis#bond4003",
        "http://dl-learner.org/mutagenesis#d46_24",
        "http://dl-learner.org/mutagenesis#d148_12",
        "http://dl-learner.org/mutagenesis#e13_7",
        "http://dl-learner.org/mutagenesis#bond525",
        "http://dl-learner.org/mutagenesis#bond985",
        "http://dl-learner.org/mutagenesis#d49_12",
        "http://dl-learner.org/mutagenesis#e18_10",
        "http://dl-learner.org/mutagenesis#d110_22",
        "http://dl-learner.org/mutagenesis#bond1511",
        "http://dl-learner.org/mutagenesis#bond5852"
      ]
    },
    "RandomUnknown_36": {
      "positive_examples": [
        "http://dl-learner.org/mutagenesis#ball3-483",
        "http://dl-learner.org/mutagenesis#bond5158",
        "http://dl-learner.org/mutagenesis#bond2431",
        "http://dl-learner.org/mutagenesis#benzene-1462",
        "http://dl-learner.org/mutagenesis#bond4121",
        "http://dl-learner.org/mutagenesis#d89",
        "http://dl-learner.org/mutagenesis#d53_1",
        "http://dl-learner.org/mutagenesis#bond5753",
        "http://dl-learner.org/mutagenesis#bond527",
        "http://dl-learner.org/mutagenesis#bond1441",
        "http://dl-learner.org/mutagenesis#bond4157",
        "http://dl-learner.org/mutagenesis#bond1426",
        "http://dl-learner.org/mutagenesis#bond3718",
        "http://dl-learner.org/mutagenesis#d22_21",
        "http://dl-learner.org/mutagenesis#d56_3"
      ],
      "negative_examples": [
        "http://dl-learner.org/mutagenesis#bond3708",
        "http://dl-learner.org/mutagenesis#bond826",
        "http://dl-learner.org/mutagenesis#d125_26",
        "http://dl-learner.org/mutagenesis#bond2645",
        "http://dl-learner.org/mutagenesis#d173_10",
        "http://dl-learner.org/mutagenesis#e26_24",
        "http://dl-learner.org/mutagenesis#bond3834",
        "http://dl-learner.org/mutagenesis#d19_13",
        "http://dl-learner.org/mutagenesis#d44_19",
        "http://dl-learner.org/mutagenesis#bond4246",
        "http://dl-learner.org/mutagenesis#ring_size_6-123",
        "http://dl-learner.org/mutagenesis#d63_21",
        "http://dl-learner.org/mutagenesis#d37_14",
        "http://dl-learner.org/mutagenesis#ring_size_6-1146",
        "http://dl-learner.org/mutagenesis#bond2910"
      ]
    },
    "RandomUnknown_37": {
      "positive_examples": [
        "http://dl-learner.org/mutagenesis#bond4469",
        "http://dl-learner.org/mutagenesis#bond4762",
        "http://dl-learner.org/mutagenesis#bond5189",
        "http://dl-learner.org/mutagenesis#bond3446",
        "http://dl-learner.org/mutagenesis#e15_6",
        "http://dl-learner.org/mutagenesis#d75_14",
        "http://dl-learner.org/mutagenesis#bond3304",
        "http://dl-learner.org/mutagenesis#d50_1",
        "http://dl-learner.org/mutagenesis#d23_14",
        "http://dl-learner.org/mutagenesis#bond2215",
        "http://dl-learner.org/mutagenesis#d150_3",
        "http://dl-learner.org/mutagenesis#bond4135",
        "http://dl-learner.org/mutagenesis#bond4842",
        "http://dl-learner.org/mutagenesis#bond5605",
        "http://dl-learner.org/mutagenesis#bond1500"
      ],
      "negative_examples": [
        "http://dl-learner.org/mutagenesis#e22_32",
        "http://dl-learner.org/mutagenesis#d8_15",
        "http://dl-learner.org/mutagenesis#bond3942",
        "http://dl-learner.org/mutagenesis#bond5560",
        "http://dl-learner.org/mutagenesis#bond2022",
        "http://dl-learner.org/mutagenesis#e26_10",
        "http://dl-learner.org/mutagenesis#bond3126",
        "http://dl-learner.org/mutagenesis#bond6230",
        "http://dl-learner.org/mutagenesis#bond1318",
        "http://dl-learner.org/mutagenesis#bond686",
        "http://dl-learner.org/mutagenesis#d126_16",
        "http://dl-learner.org/mutagenesis#bond1159",
        "http://dl-learner.org/mutagenesis#f6_12",
        "http://dl-learner.org/mutagenesis#bond1165",
        "http://dl-learner.org/mutagenesis#d125_21"
      ]
    },
    "RandomUnknown_38": {
      "positive_examples": [
        "http://dl-learner.org/mutagenesis#bond3708",
        "http://dl-learner.org/mutagenesis#d39_10",
        "http://dl-learner.org/mutagenesis#bond2400",
        "http://dl-learner.org/mutagenesis#ring_size_6-943",
        "http://dl-learner.org/mutagenesis#d55_4",
        "http://dl-learner.org/mutagenesis#d11_13",
        "http://dl-learner.org/mutagenesis#d100_14",
        "http://dl-learner.org/mutagenesis#bond12",
        "http://dl-learner.org/mutagenesis#bond1517",
        "http://dl-learner.org/mutagenesis#nitro-1337",
        "http://dl-learner.org/mutagenesis#bond1107",
        "http://dl-learner.org/mutagenesis#d100_7",
        "http://dl-learner.org/mutagenesis#d168_1",
        "http://dl-learner.org/mutagenesis#nitro-1171",
        "http://dl-learner.org/mutagenesis#bond1931"
      ],
      "negative_examples": [
        "http://dl-learner.org/mutagenesis#bond661",
        "http://dl-learner.org/mutagenesis#d39_15",
        "http://dl-learner.org/mutagenesis#d164_11",
        "http://dl-learner.org/mutagenesis#bond238",
        "http://dl-learner.org/mutagenesis#bond5290",
        "http://dl-learner.org/mutagenesis#bond3203",
        "http://dl-learner.org/mutagenesis#bond4992",
        "http://dl-learner.org/mutagenesis#d156_16",
        "http://dl-learner.org/mutagenesis#d33_23",
        "http://dl-learner.org/mutagenesis#bond3510",
        "http://dl-learner.org/mutagenesis#d148_7",
        "http://dl-learner.org/mutagenesis#bond5837",
        "http://dl-learner.org/mutagenesis#d101_34",
        "http://dl-learner.org/mutagenesis#bond111",
        "http://dl-learner.org/mutagenesis#d78_7"
      ]
    },
    "RandomUnknown_39": {
      "positive_examples": [
        "http://dl-learner.org/mutagenesis#bond2256",
        "http://dl-learner.org/mutagenesis#d58_15",
        "http://dl-learner.org/mutagenesis#d166_7",
        "http://dl-learner.org/mutagenesis#bond6084",
        "http://dl-learner.org/mutagenesis#e26_26",
        "http://dl-learner.org/mutagenesis#ring_size_6-1241",
        "http://dl-learner.org/mutagenesis#bond4340",
        "http://dl-learner.org/mutagenesis#bond5359",
        "http://dl-learner.org/mutagenesis#d23_8",
        "http://dl-learner.org/mutagenesis#bond2510",
        "http://dl-learner.org/mutagenesis#ring_size_6-554",
        "http://dl-learner.org/mutagenesis#d100_12",
        "http://dl-learner.org/mutagenesis#f4_11",
        "http://dl-learner.org/mutagenesis#d17_16",
        "http://dl-learner.org/mutagenesis#bond2972"
      ],
      "negative_examples": [
        "http://dl-learner.org/mutagenesis#bond4061",
        "http://dl-learner.org/mutagenesis#bond1161",
        "http://dl-learner.org/mutagenesis#d98",
        "http://dl-learner.org/mutagenesis#ring_size_6-274",
        "http://dl-learner.org/mutagenesis#bond1616",
        "http://dl-learner.org/mutagenesis#e24_1",
        "http://dl-learner.org/mutagenesis#bond1335",
        "http://dl-learner.org/mutagenesis#d100_20",
        "http://dl-learner.org/mutagenesis#bond4869",
        "http://dl-learner.org/mutagenesis#d59_14",
        "http://dl-learner.org/mutagenesis#bond2468",
        "http://dl-learner.org/mutagenesis#d134_25",
        "http://dl-learner.org/mutagenesis#d162",
        "http://dl-learner.org/mutagenesis#bond5103",
        "http://dl-learner.org/mutagenesis#d93_9"
      ]
    },
    "RandomUnknown_40": {
      "positive_examples": [
        "http://dl-learner.org/mutagenesis#bond1900",
        "http://dl-learner.org/mutagenesis#bond1050",
        "http://dl-learner.org/mutagenesis#bond6256",
        "http://dl-learner.org/mutagenesis#bond5998",
        "http://dl-learner.org/mutagenesis#bond2755",
        "http://dl-learner.org/mutagenesis#d191_16",
        "http://dl-learner.org/mutagenesis#bond2004",
        "http://dl-learner.org/mutagenesis#d129_18",
        "http://dl-learner.org/mutagenesis#d163_19",
        "http://dl-learner.org/mutagenesis#d24_21",
        "http://dl-learner.org/mutagenesis#bond3328",
        "http://dl-learner.org/mutagenesis#d98_1",
        "http://dl-learner.org/mutagenesis#d180_37",
        "http://dl-learner.org/mutagenesis#d105_1",
        "http://dl-learner.org/mutagenesis#d122_20"
      ],
      "negative_examples": [
        "http://dl-learner.org/mutagenesis#phenanthrene-113",
        "http://dl-learner.org/mutagenesis#d73_9",
        "http://dl-learner.org/mutagenesis#d189_1",
        "http://dl-learner.org/mutagenesis#nitro-36",
        "http://dl-learner.org/mutagenesis#bond937",
        "http://dl-learner.org/mutagenesis#bond4667",
        "http://dl-learner.org/mutagenesis#bond1440",
        "http://dl-learner.org/mutagenesis#d2_9",
        "http://dl-learner.org/mutagenesis#d4_20",
        "http://dl-learner.org/mutagenesis#e25_3",
        "http://dl-learner.org/mutagenesis#d183_3",
        "http://dl-learner.org/mutagenesis#bond3268",
        "http://dl-learner.org/mutagenesis#bond116",
        "http://dl-learner.org/mutagenesis#ring_size_6-1184",
        "http://dl-learner.org/mutagenesis#d170_2"
      ]
    },
    "RandomUnknown_41": {
      "positive_examples": [
        "http://dl-learner.org/mutagenesis#bond500",
        "http://dl-learner.org/mutagenesis#d117_8",
        "http://dl-learner.org/mutagenesis#bond3421",
        "http://dl-learner.org/mutagenesis#d104_22",
        "http://dl-learner.org/mutagenesis#bond6197",
        "http://dl-learner.org/mutagenesis#d48_8",
        "http://dl-learner.org/mutagenesis#bond2981",
        "http://dl-learner.org/mutagenesis#bond1036",
        "http://dl-learner.org/mutagenesis#d160_14",
        "http://dl-learner.org/mutagenesis#d32_1",
        "http://dl-learner.org/mutagenesis#e25_7",
        "http://dl-learner.org/mutagenesis#bond217",
        "http://dl-learner.org/mutagenesis#bond4069",
        "http://dl-learner.org/mutagenesis#ring_size_6-1574",
        "http://dl-learner.org/mutagenesis#bond629"
      ],
      "negative_examples": [
        "http://dl-learner.org/mutagenesis#d114_12",
        "http://dl-learner.org/mutagenesis#bond422",
        "http://dl-learner.org/mutagenesis#d118_18",
        "http://dl-learner.org/mutagenesis#d177_6",
        "http://dl-learner.org/mutagenesis#bond2571",
        "http://dl-learner.org/mutagenesis#bond2273",
        "http://dl-learner.org/mutagenesis#bond893",
        "http://dl-learner.org/mutagenesis#bond1356",
        "http://dl-learner.org/mutagenesis#hetero_aromatic_5_ring-1482",
        "http://dl-learner.org/mutagenesis#d55_9",
        "http://dl-learner.org/mutagenesis#d183_13",
        "http://dl-learner.org/mutagenesis#ring_size_6-904",
        "http://dl-learner.org/mutagenesis#d131_3",
        "http://dl-learner.org/mutagenesis#bond583",
        "http://dl-learner.org/mutagenesis#d25_3"
      ]
    },
    "RandomUnknown_42": {
      "positive_examples": [
        "http://dl-learner.org/mutagenesis#d168_14",
        "http://dl-learner.org/mutagenesis#bond1299",
        "http://dl-learner.org/mutagenesis#d115_14",
        "http://dl-learner.org/mutagenesis#d93_27",
        "http://dl-learner.org/mutagenesis#d51_4",
        "http://dl-learner.org/mutagenesis#bond6158",
        "http://dl-learner.org/mutagenesis#bond5411",
        "http://dl-learner.org/mutagenesis#bond1384",
        "http://dl-learner.org/mutagenesis#d171_21",
        "http://dl-learner.org/mutagenesis#bond2788",
        "http://dl-learner.org/mutagenesis#bond1294",
        "http://dl-learner.org/mutagenesis#ring_size_5-1533",
        "http://dl-learner.org/mutagenesis#d94_10",
        "http://dl-learner.org/mutagenesis#bond2674",
        "http://dl-learner.org/mutagenesis#bond5151"
      ],
      "negative_examples": [
        "http://dl-learner.org/mutagenesis#d146_21",
        "http://dl-learner.org/mutagenesis#bond3188",
        "http://dl-learner.org/mutagenesis#bond5972",
        "http://dl-learner.org/mutagenesis#bond4993",
        "http://dl-learner.org/mutagenesis#d68_27",
        "http://dl-learner.org/mutagenesis#bond4971",
        "http://dl-learner.org/mutagenesis#d74_21",
        "http://dl-learner.org/mutagenesis#e21_14",
        "http://dl-learner.org/mutagenesis#d13_5",
        "http://dl-learner.org/mutagenesis#d163_9",
        "http://dl-learner.org/mutagenesis#bond2373",
        "http://dl-learner.org/mutagenesis#nitro-1041",
        "http://dl-learner.org/mutagenesis#bond1820",
        "http://dl-learner.org/mutagenesis#bond3646",
        "http://dl-learner.org/mutagenesis#d102_20"
      ]
    },
    "RandomUnknown_43": {
      "positive_examples": [
        "http://dl-learner.org/mutagenesis#d119_1",
        "http://dl-learner.org/mutagenesis#d179_7",
        "http://dl-learner.org/mutagenesis#bond3422",
        "http://dl-learner.org/mutagenesis#d158_18",
        "http://dl-learner.org/mutagenesis#bond3142",
        "http://dl-learner.org/mutagenesis#d91_33",
        "http://dl-learner.org/mutagenesis#bond3364",
        "http://dl-learner.org/mutagenesis#bond83",
        "http://dl-learner.org/mutagenesis#bond148",
        "http://dl-learner.org/mutagenesis#nitro-159",
        "http://dl-learner.org/mutagenesis#bond4058",
        "http://dl-learner.org/mutagenesis#bond4157",
        "http://dl-learner.org/mutagenesis#d90_30",
        "http://dl-learner.org/mutagenesis#d173_18",
        "http://dl-learner.org/mutagenesis#bond1769"
      ],
      "negative_examples": [
        "http://dl-learner.org/mutagenesis#e22_32",
        "http://dl-learner.org/mutagenesis#bond1866",
        "http://dl-learner.org/mutagenesis#bond4045",
        "http://dl-learner.org/mutagenesis#bond668",
        "http://dl-learner.org/mutagenesis#bond992",
        "http://dl-learner.org/mutagenesis#d169_9",
        "http://dl-learner.org/mutagenesis#bond5408",
        "http://dl-learner.org/mutagenesis#bond3097",
        "http://dl-learner.org/mutagenesis#ring_size_6-1410",
        "http://dl-learner.org/mutagenesis#bond5461",
        "http://dl-learner.org/mutagenesis#bond4243",
        "http://dl-learner.org/mutagenesis#bond5116",
        "http://dl-learner.org/mutagenesis#bond3374",
        "http://dl-learner.org/mutagenesis#e16_2",
        "http://dl-learner.org/mutagenesis#bond1769"
      ]
    },
    "RandomUnknown_44": {
      "positive_examples": [
        "http://dl-learner.org/mutagenesis#bond3638",
        "http://dl-learner.org/mutagenesis#d63_20",
        "http://dl-learner.org/mutagenesis#d18_13",
        "http://dl-learner.org/mutagenesis#bond816",
        "http://dl-learner.org/mutagenesis#d193_24",
        "http://dl-learner.org/mutagenesis#bond2515",
        "http://dl-learner.org/mutagenesis#ball3-720",
        "http://dl-learner.org/mutagenesis#d24_27",
        "http://dl-learner.org/mutagenesis#d21_11",
        "http://dl-learner.org/mutagenesis#bond2924",
        "http://dl-learner.org/mutagenesis#d53_24",
        "http://dl-learner.org/mutagenesis#bond3268",
        "http://dl-learner.org/mutagenesis#bond4060",
        "http://dl-learner.org/mutagenesis#e26_4",
        "http://dl-learner.org/mutagenesis#e3_2"
      ],
      "negative_examples": [
        "http://dl-learner.org/mutagenesis#d57_28",
        "http://dl-learner.org/mutagenesis#e13_14",
        "http://dl-learner.org/mutagenesis#bond5995",
        "http://dl-learner.org/mutagenesis#bond1117",
        "http://dl-learner.org/mutagenesis#benzene-1210",
        "http://dl-learner.org/mutagenesis#bond5646",
        "http://dl-learner.org/mutagenesis#bond3409",
        "http://dl-learner.org/mutagenesis#d34_15",
        "http://dl-learner.org/mutagenesis#bond2541",
        "http://dl-learner.org/mutagenesis#bond4857",
        "http://dl-learner.org/mutagenesis#bond4272",
        "http://dl-learner.org/mutagenesis#bond1527",
        "http://dl-learner.org/mutagenesis#d106_10",
        "http://dl-learner.org/mutagenesis#e25_38",
        "http://dl-learner.org/mutagenesis#d145_24"
      ]
    },
    "RandomUnknown_45": {
      "positive_examples": [
        "http://dl-learner.org/mutagenesis#nitro-1499",
        "http://dl-learner.org/mutagenesis#e10_3",
        "http://dl-learner.org/mutagenesis#bond1977",
        "http://dl-learner.org/mutagenesis#bond5690",
        "http://dl-learner.org/mutagenesis#d99_2",
        "http://dl-learner.org/mutagenesis#d77_22",
        "http://dl-learner.org/mutagenesis#bond4180",
        "http://dl-learner.org/mutagenesis#d148_22",
        "http://dl-learner.org/mutagenesis#d86_29",
        "http://dl-learner.org/mutagenesis#bond3424",
        "http://dl-learner.org/mutagenesis#bond5119",
        "http://dl-learner.org/mutagenesis#d113_10",
        "http://dl-learner.org/mutagenesis#e22_30",
        "http://dl-learner.org/mutagenesis#benzene-1452",
        "http://dl-learner.org/mutagenesis#benzene-403"
      ],
      "negative_examples": [
        "http://dl-learner.org/mutagenesis#bond3216",
        "http://dl-learner.org/mutagenesis#ring_size_6-749",
        "http://dl-learner.org/mutagenesis#d105_19",
        "http://dl-learner.org/mutagenesis#bond4026",
        "http://dl-learner.org/mutagenesis#d49_23",
        "http://dl-learner.org/mutagenesis#benzene-181",
        "http://dl-learner.org/mutagenesis#bond1454",
        "http://dl-learner.org/mutagenesis#bond3893",
        "http://dl-learner.org/mutagenesis#bond5407",
        "http://dl-learner.org/mutagenesis#bond5227",
        "http://dl-learner.org/mutagenesis#d95_15",
        "http://dl-learner.org/mutagenesis#d52_2",
        "http://dl-learner.org/mutagenesis#d187_9",
        "http://dl-learner.org/mutagenesis#bond1231",
        "http://dl-learner.org/mutagenesis#bond5536"
      ]
    },
    "RandomUnknown_46": {
      "positive_examples": [
        "http://dl-learner.org/mutagenesis#bond1058",
        "http://dl-learner.org/mutagenesis#bond2665",
        "http://dl-learner.org/mutagenesis#d43_15",
        "http://dl-learner.org/mutagenesis#d1_9",
        "http://dl-learner.org/mutagenesis#bond3441",
        "http://dl-learner.org/mutagenesis#bond3629",
        "http://dl-learner.org/mutagenesis#bond3185",
        "http://dl-learner.org/mutagenesis#bond2971",
        "http://dl-learner.org/mutagenesis#bond5321",
        "http://dl-learner.org/mutagenesis#d100_19",
        "http://dl-learner.org/mutagenesis#bond4684",
        "http://dl-learner.org/mutagenesis#benzene-675",
        "http://dl-learner.org/mutagenesis#d105_9",
        "http://dl-learner.org/mutagenesis#bond2571",
        "http://dl-learner.org/mutagenesis#bond1170"
      ],
      "negative_examples": [
        "http://dl-learner.org/mutagenesis#bond5207",
        "http://dl-learner.org/mutagenesis#d152_4",
        "http://dl-learner.org/mutagenesis#bond4880",
        "http://dl-learner.org/mutagenesis#d123_10",
        "http://dl-learner.org/mutagenesis#d153_23",
        "http://dl-learner.org/mutagenesis#d107_18",
        "http://dl-learner.org/mutagenesis#bond4156",
        "http://dl-learner.org/mutagenesis#bond3443",
        "http://dl-learner.org/mutagenesis#nitro-1180",
        "http://dl-learner.org/mutagenesis#d120_5",
        "http://dl-learner.org/mutagenesis#bond2058",
        "http://dl-learner.org/mutagenesis#d104_32",
        "http://dl-learner.org/mutagenesis#d156_11",
        "http://dl-learner.org/mutagenesis#d161_8",
        "http://dl-learner.org/mutagenesis#e17_9"
      ]
    },
    "RandomUnknown_47": {
      "positive_examples": [
        "http://dl-learner.org/mutagenesis#d11_4",
        "http://dl-learner.org/mutagenesis#bond99",
        "http://dl-learner.org/mutagenesis#nitro-815",
        "http://dl-learner.org/mutagenesis#bond5817",
        "http://dl-learner.org/mutagenesis#bond509",
        "http://dl-learner.org/mutagenesis#bond6169",
        "http://dl-learner.org/mutagenesis#d183_16",
        "http://dl-learner.org/mutagenesis#d25_26",
        "http://dl-learner.org/mutagenesis#bond379",
        "http://dl-learner.org/mutagenesis#d92_20",
        "http://dl-learner.org/mutagenesis#bond6184",
        "http://dl-learner.org/mutagenesis#d114_15",
        "http://dl-learner.org/mutagenesis#bond1394",
        "http://dl-learner.org/mutagenesis#bond2353",
        "http://dl-learner.org/mutagenesis#bond666"
      ],
      "negative_examples": [
        "http://dl-learner.org/mutagenesis#d139_9",
        "http://dl-learner.org/mutagenesis#d85_6",
        "http://dl-learner.org/mutagenesis#bond6213",
        "http://dl-learner.org/mutagenesis#nitro-1299",
        "http://dl-learner.org/mutagenesis#bond1688",
        "http://dl-learner.org/mutagenesis#nitro-1557",
        "http://dl-learner.org/mutagenesis#bond5356",
        "http://dl-learner.org/mutagenesis#benzene-975",
        "http://dl-learner.org/mutagenesis#d15_20",
        "http://dl-learner.org/mutagenesis#bond4552",
        "http://dl-learner.org/mutagenesis#nitro-1177",
        "http://dl-learner.org/mutagenesis#bond981",
        "http://dl-learner.org/mutagenesis#d134_24",
        "http://dl-learner.org/mutagenesis#bond3082",
        "http://dl-learner.org/mutagenesis#bond2147"
      ]
    },
    "RandomUnknown_48": {
      "positive_examples": [
        "http://dl-learner.org/mutagenesis#d69_25",
        "http://dl-learner.org/mutagenesis#bond6210",
        "http://dl-learner.org/mutagenesis#bond1638",
        "http://dl-learner.org/mutagenesis#bond2982",
        "http://dl-learner.org/mutagenesis#bond1087",
        "http://dl-learner.org/mutagenesis#bond4339",
        "http://dl-learner.org/mutagenesis#d42_10",
        "http://dl-learner.org/mutagenesis#d102_18",
        "http://dl-learner.org/mutagenesis#ring_size_6-955",
        "http://dl-learner.org/mutagenesis#bond1943",
        "http://dl-learner.org/mutagenesis#bond900",
        "http://dl-learner.org/mutagenesis#bond4032",
        "http://dl-learner.org/mutagenesis#bond2391",
        "http://dl-learner.org/mutagenesis#d106_12",
        "http://dl-learner.org/mutagenesis#bond2153"
      ],
      "negative_examples": [
        "http://dl-learner.org/mutagenesis#d137_30",
        "http://dl-learner.org/mutagenesis#bond5365",
        "http://dl-learner.org/mutagenesis#bond770",
        "http://dl-learner.org/mutagenesis#bond5973",
        "http://dl-learner.org/mutagenesis#e2_21",
        "http://dl-learner.org/mutagenesis#benzene-122",
        "http://dl-learner.org/mutagenesis#d195_1",
        "http://dl-learner.org/mutagenesis#d134_3",
        "http://dl-learner.org/mutagenesis#d175_5",
        "http://dl-learner.org/mutagenesis#bond2252",
        "http://dl-learner.org/mutagenesis#d125_22",
        "http://dl-learner.org/mutagenesis#d44_11",
        "http://dl-learner.org/mutagenesis#d106_22",
        "http://dl-learner.org/mutagenesis#bond4316",
        "http://dl-learner.org/mutagenesis#bond506"
      ]
    },
    "RandomUnknown_49": {
      "positive_examples": [
        "http://dl-learner.org/mutagenesis#d98",
        "http://dl-learner.org/mutagenesis#benzene-1306",
        "http://dl-learner.org/mutagenesis#bond4469",
        "http://dl-learner.org/mutagenesis#bond634",
        "http://dl-learner.org/mutagenesis#bond4694",
        "http://dl-learner.org/mutagenesis#benzene-1331",
        "http://dl-learner.org/mutagenesis#bond3438",
        "http://dl-learner.org/mutagenesis#d92_10",
        "http://dl-learner.org/mutagenesis#d54_7",
        "http://dl-learner.org/mutagenesis#e21_19",
        "http://dl-learner.org/mutagenesis#bond5737",
        "http://dl-learner.org/mutagenesis#d129_13",
        "http://dl-learner.org/mutagenesis#bond2479",
        "http://dl-learner.org/mutagenesis#d52_1",
        "http://dl-learner.org/mutagenesis#d50_8"
      ],
      "negative_examples": [
        "http://dl-learner.org/mutagenesis#bond226",
        "http://dl-learner.org/mutagenesis#bond1696",
        "http://dl-learner.org/mutagenesis#bond709",
        "http://dl-learner.org/mutagenesis#d88_2",
        "http://dl-learner.org/mutagenesis#bond5813",
        "http://dl-learner.org/mutagenesis#bond2414",
        "http://dl-learner.org/mutagenesis#nitro-752",
        "http://dl-learner.org/mutagenesis#bond6197",
        "http://dl-learner.org/mutagenesis#d113_14",
        "http://dl-learner.org/mutagenesis#d75_22",
        "http://dl-learner.org/mutagenesis#ring_size_6-1638",
        "http://dl-learner.org/mutagenesis#bond4321",
        "http://dl-learner.org/mutagenesis#bond4069",
        "http://dl-learner.org/mutagenesis#d48_21",
        "http://dl-learner.org/mutagenesis#bond53"
      ]
    }
  }
}