{
  "problems": {
    "RandomUnknown_0": {
      "positive_examples": [
        "http://dl-learner.org/carcinogenesis#d2_15",
        "http://dl-learner.org/carcinogenesis#bond3539",
        "http://dl-learner.org/carcinogenesis#ar_halide-384",
        "http://dl-learner.org/carcinogenesis#bond7636",
        "http://dl-learner.org/carcinogenesis#d280_17"
      ],
      "negative_examples": [
        "http://dl-learner.org/carcinogenesis#d77_67",
        "http://dl-learner.org/carcinogenesis#bond909",
        "http://dl-learner.org/carcinogenesis#d225a_2",
        "http://dl-learner.org/carcinogenesis#d124_26",
        "http://dl-learner.org/carcinogenesis#bond8771"
      ]
    },
    "RandomUnknown_1": {
      "positive_examples": [
        "http://dl-learner.org/carcinogenesis#d150_24",
        "http://dl-learner.org/carcinogenesis#phenol-689",
        "http://dl-learner.org/carcinogenesis#d295_7",
        "http://dl-learner.org/carcinogenesis#d233_28",
        "http://dl-learner.org/carcinogenesis#d2_6"
      ],
      "negative_examples": [
        "http://dl-learner.org/carcinogenesis#d155_21",
        "http://dl-learner.org/carcinogenesis#d277_8",
        "http://dl-learner.org/carcinogenesis#d100_7",
        "http://dl-learner.org/carcinogenesis#non_ar_hetero_5_ring-1575",
        "http://dl-learner.org/carcinogenesis#d177_18"
      ]
    },
    "RandomUnknown_2": {
      "positive_examples": [
        "http://dl-learner.org/carcinogenesis#d88_10",
        "http://dl-learner.org/carcinogenesis#d84a_38",
        "http://dl-learner.org/carcinogenesis#bond7137",
        "http://dl-learner.org/carcinogenesis#bond3072",
        "http://dl-learner.org/carcinogenesis#bond4938"
      ],
      "negative_examples": [
        "http://dl-learner.org/carcinogenesis#bond7574",
        "http://dl-learner.org/carcinogenesis#bond7195",
        "http://dl-learner.org/carcinogenesis#bond4299",
        "http://dl-learner.org/carcinogenesis#d179_7",
        "http://dl-learner.org/carcinogenesis#non_ar_6c_ring-83"
      ]
    },
    "RandomUnknown_3": {
      "positive_examples": [
        "http://dl-learner.org/carcinogenesis#d97_5",
        "http://dl-learner.org/carcinogenesis#bond3856",
        "http://dl-learner.org/carcinogenesis#six_ring-2693",
        "http://dl-learner.org/carcinogenesis#six_ring-2593",
        "http://dl-learner.org/carcinogenesis#d18_18"
      ],
      "negative_examples": [
        "http://dl-learner.org/carcinogenesis#d245_12",
        "http://dl-learner.org/carcinogenesis#methyl-1404",
        "http://dl-learner.org/carcinogenesis#bond4495",
        "http://dl-learner.org/carcinogenesis#d335_6",
        "http://dl-learner.org/carcinogenesis#d97_25"
      ]
    },
    "RandomUnknown_4": {
      "positive_examples": [
        "http://dl-learner.org/carcinogenesis#d186a_33",
        "http://dl-learner.org/carcinogenesis#bond5390",
        "http://dl-learner.org/carcinogenesis#d76_1",
        "http://dl-learner.org/carcinogenesis#bond2835",
        "http://dl-learner.org/carcinogenesis#d64_17"
      ],
      "negative_examples": [
        "http://dl-learner.org/carcinogenesis#d330_61",
        "http://dl-learner.org/carcinogenesis#bond8937",
        "http://dl-learner.org/carcinogenesis#d24_27",
        "http://dl-learner.org/carcinogenesis#d69_2",
        "http://dl-learner.org/carcinogenesis#bond8080"
      ]
    },
    "RandomUnknown_5": {
      "positive_examples": [
        "http://dl-learner.org/carcinogenesis#bond2655",
        "http://dl-learner.org/carcinogenesis#methyl-3071",
        "http://dl-learner.org/carcinogenesis#methoxy-1277",
        "http://dl-learner.org/carcinogenesis#bond6602",
        "http://dl-learner.org/carcinogenesis#d248_9"
      ],
      "negative_examples": [
        "http://dl-learner.org/carcinogenesis#d305_21",
        "http://dl-learner.org/carcinogenesis#bond3009",
        "http://dl-learner.org/carcinogenesis#bond7876",
        "http://dl-learner.org/carcinogenesis#ether-538",
        "http://dl-learner.org/carcinogenesis#bond1123"
      ]
    },
    "RandomUnknown_6": {
      "positive_examples": [
        "http://dl-learner.org/carcinogenesis#d177_3",
        "http://dl-learner.org/carcinogenesis#alcohol-240",
        "http://dl-learner.org/carcinogenesis#bond2736",
        "http://dl-learner.org/carcinogenesis#bond9",
        "http://dl-learner.org/carcinogenesis#d61_1"
      ],
      "negative_examples": [
        "http://dl-learner.org/carcinogenesis#bond329",
        "http://dl-learner.org/carcinogenesis#d216_10",
        "http://dl-learner.org/carcinogenesis#d99_16",
        "http://dl-learner.org/carcinogenesis#bond7416",
        "http://dl-learner.org/carcinogenesis#d97_19"
      ]
    },
    "RandomUnknown_7": {
      "positive_examples": [
        "http://dl-learner.org/carcinogenesis#bond1858",
        "http://dl-learner.org/carcinogenesis#d107d_26",
        "http://dl-learner.org/carcinogenesis#d203",
        "http://dl-learner.org/carcinogenesis#d170_4",
        "http://dl-learner.org/carcinogenesis#ar_halide-3056"
      ],
      "negative_examples": [
        "http://dl-learner.org/carcinogenesis#ester-1875",
        "http://dl-learner.org/carcinogenesis#d328b_1",
        "http://dl-learner.org/carcinogenesis#d109_26",
        "http://dl-learner.org/carcinogenesis#bond2518",
        "http://dl-learner.org/carcinogenesis#bond7216"
      ]
    },
    "RandomUnknown_8": {
      "positive_examples": [
        "http://dl-learner.org/carcinogenesis#six_ring-2532",
        "http://dl-learner.org/carcinogenesis#d294_11",
        "http://dl-learner.org/carcinogenesis#d156_12",
        "http://dl-learner.org/carcinogenesis#d123_1",
        "http://dl-learner.org/carcinogenesis#d250_1"
      ],
      "negative_examples": [
        "http://dl-learner.org/carcinogenesis#d137_8",
        "http://dl-learner.org/carcinogenesis#d213_16",
        "http://dl-learner.org/carcinogenesis#d208_2_55",
        "http://dl-learner.org/carcinogenesis#ar_halide-3102",
        "http://dl-learner.org/carcinogenesis#d325_9"
      ]
    },
    "RandomUnknown_9": {
      "positive_examples": [
        "http://dl-learner.org/carcinogenesis#phenol-2508",
        "http://dl-learner.org/carcinogenesis#d117_6",
        "http://dl-learner.org/carcinogenesis#alkyl_halide-378",
        "http://dl-learner.org/carcinogenesis#bond2140",
        "http://dl-learner.org/carcinogenesis#d304a_18"
      ],
      "negative_examples": [
        "http://dl-learner.org/carcinogenesis#d202_16",
        "http://dl-learner.org/carcinogenesis#d160_15",
        "http://dl-learner.org/carcinogenesis#bond2182",
        "http://dl-learner.org/carcinogenesis#bond5371",
        "http://dl-learner.org/carcinogenesis#bond8935"
      ]
    },
    "RandomUnknown_10": {
      "positive_examples": [
        "http://dl-learner.org/carcinogenesis#d42",
        "http://dl-learner.org/carcinogenesis#d39_8",
        "http://dl-learner.org/carcinogenesis#bond634",
        "http://dl-learner.org/carcinogenesis#bond5505",
        "http://dl-learner.org/carcinogenesis#bond4334"
      ],
      "negative_examples": [
        "http://dl-learner.org/carcinogenesis#d225b_1",
        "http://dl-learner.org/carcinogenesis#d112_26",
        "http://dl-learner.org/carcinogenesis#bond6655",
        "http://dl-learner.org/carcinogenesis#bond4026",
        "http://dl-learner.org/carcinogenesis#d52_7"
      ]
    },
    "RandomUnknown_11": {
      "positive_examples": [
        "http://dl-learner.org/carcinogenesis#bond2147",
        "http://dl-learner.org/carcinogenesis#d225a_10",
        "http://dl-learner.org/carcinogenesis#bond4121",
        "http://dl-learner.org/carcinogenesis#d33_1",
        "http://dl-learner.org/carcinogenesis#d258_31"
      ],
      "negative_examples": [
        "http://dl-learner.org/carcinogenesis#bond5604",
        "http://dl-learner.org/carcinogenesis#non_ar_hetero_6_ring-1344",
        "http://dl-learner.org/carcinogenesis#bond8685",
        "http://dl-learner.org/carcinogenesis#methyl-2400",
        "http://dl-learner.org/carcinogenesis#bond7011"
      ]
    },
    "RandomUnknown_12": {
      "positive_examples": [
        "http://dl-learner.org/carcinogenesis#d135_42",
        "http://dl-learner.org/carcinogenesis#bond686",
        "http://dl-learner.org/carcinogenesis#d182_9",
        "http://dl-learner.org/carcinogenesis#bond2213",
        "http://dl-learner.org/carcinogenesis#bond1226"
      ],
      "negative_examples": [
        "http://dl-learner.org/carcinogenesis#bond4808",
        "http://dl-learner.org/carcinogenesis#bond5912",
        "http://dl-learner.org/carcinogenesis#d160_4",
        "http://dl-learner.org/carcinogenesis#d190_11",
        "http://dl-learner.org/carcinogenesis#d28_10"
      ]
    },
    "RandomUnknown_13": {
      "positive_examples": [
        "http://dl-learner.org/carcinogenesis#d13_14",
        "http://dl-learner.org/carcinogenesis#d29a_15",
        "http://dl-learner.org/carcinogenesis#d101_12",
        "http://dl-learner.org/carcinogenesis#methyl-865",
        "http://dl-learner.org/carcinogenesis#bond6255"
      ],
      "negative_examples": [
        "http://dl-learner.org/carcinogenesis#bond1520",
        "http://dl-learner.org/carcinogenesis#d216_15",
        "http://dl-learner.org/carcinogenesis#methyl-1553",
        "http://dl-learner.org/carcinogenesis#bond9169",
        "http://dl-learner.org/carcinogenesis#bond7908"
      ]
    },
    "RandomUnknown_14": {
      "positive_examples": [
        "http://dl-learner.org/carcinogenesis#bond2578",
        "http://dl-learner.org/carcinogenesis#d298_31",
        "http://dl-learner.org/carcinogenesis#d107c_42",
        "http://dl-learner.org/carcinogenesis#bond3731",
        "http://dl-learner.org/carcinogenesis#d297_147"
      ],
      "negative_examples": [
        "http://dl-learner.org/carcinogenesis#bond6223",
        "http://dl-learner.org/carcinogenesis#non_ar_hetero_5_ring-2286",
        "http://dl-learner.org/carcinogenesis#d71_11",
        "http://dl-learner.org/carcinogenesis#bond2469",
        "http://dl-learner.org/carcinogenesis#amino-3161"
      ]
    },
    "RandomUnknown_15": {
      "positive_examples": [
        "http://dl-learner.org/carcinogenesis#bond6824",
        "http://dl-learner.org/carcinogenesis#bond5057",
        "http://dl-learner.org/carcinogenesis#d208_2_53",
        "http://dl-learner.org/carcinogenesis#bond3037",
        "http://dl-learner.org/carcinogenesis#bond5140"
      ],
      "negative_examples": [
        "http://dl-learner.org/carcinogenesis#bond4852",
        "http://dl-learner.org/carcinogenesis#d84b_4",
        "http://dl-learner.org/carcinogenesis#bond3653",
        "http://dl-learner.org/carcinogenesis#d297_133",
        "http://dl-learner.org/carcinogenesis#d40_26"
      ]
    },
    "RandomUnknown_16": {
      "positive_examples": [
        "http://dl-learner.org/carcinogenesis#bond3061",
        "http://dl-learner.org/carcinogenesis#bond6631",
        "http://dl-learner.org/carcinogenesis#bond2222",
        "http://dl-learner.org/carcinogenesis#di10-3313",
        "http://dl-learner.org/carcinogenesis#non_ar_6c_ring-1459"
      ],
      "negative_examples": [
        "http://dl-learner.org/carcinogenesis#nitro-3827",
        "http://dl-learner.org/carcinogenesis#d63_2",
        "http://dl-learner.org/carcinogenesis#d55_14",
        "http://dl-learner.org/carcinogenesis#bond7717",
        "http://dl-learner.org/carcinogenesis#cyanate-3438"
      ]
    },
    "RandomUnknown_17": {
      "positive_examples": [
        "http://dl-learner.org/carcinogenesis#d290_18",
        "http://dl-learner.org/carcinogenesis#d328a_9",
        "http://dl-learner.org/carcinogenesis#bond7837",
        "http://dl-learner.org/carcinogenesis#bond364",
        "http://dl-learner.org/carcinogenesis#bond1952"
      ],
      "negative_examples": [
        "http://dl-learner.org/carcinogenesis#d17_6",
        "http://dl-learner.org/carcinogenesis#d201_7",
        "http://dl-learner.org/carcinogenesis#d138_3",
        "http://dl-learner.org/carcinogenesis#bond4189",
        "http://dl-learner.org/carcinogenesis#d191_11"
      ]
    },
    "RandomUnknown_18": {
      "positive_examples": [
        "http://dl-learner.org/carcinogenesis#ar_halide-348",
        "http://dl-learner.org/carcinogenesis#bond7637",
        "http://dl-learner.org/carcinogenesis#bond8794",
        "http://dl-learner.org/carcinogenesis#d154_5",
        "http://dl-learner.org/carcinogenesis#bond7345"
      ],
      "negative_examples": [
        "http://dl-learner.org/carcinogenesis#d123_8",
        "http://dl-learner.org/carcinogenesis#bond8265",
        "http://dl-learner.org/carcinogenesis#imine-1990",
        "http://dl-learner.org/carcinogenesis#bond50",
        "http://dl-learner.org/carcinogenesis#bond6913"
      ]
    },
    "RandomUnknown_19": {
      "positive_examples": [
        "http://dl-learner.org/carcinogenesis#bond3313",
        "http://dl-learner.org/carcinogenesis#five_ring-905",
        "http://dl-learner.org/carcinogenesis#bond4807",
        "http://dl-learner.org/carcinogenesis#d64_3",
        "http://dl-learner.org/carcinogenesis#bond944"
      ],
      "negative_examples": [
        "http://dl-learner.org/carcinogenesis#d251_21",
        "http://dl-learner.org/carcinogenesis#bond1997",
        "http://dl-learner.org/carcinogenesis#d139_18",
        "http://dl-learner.org/carcinogenesis#di10-3296",
        "http://dl-learner.org/carcinogenesis#bond620"
      ]
    },
    "RandomUnknown_20": {
      "positive_examples": [
        "http://dl-learner.org/carcinogenesis#d57_8",
        "http://dl-learner.org/carcinogenesis#d3_22",
        "http://dl-learner.org/carcinogenesis#bond8672",
        "http://dl-learner.org/carcinogenesis#bond3871",
        "http://dl-learner.org/carcinogenesis#bond7875"
      ],
      "negative_examples": [
        "http://dl-learner.org/carcinogenesis#bond9102",
        "http://dl-learner.org/carcinogenesis#bond2249",
        "http://dl-learner.org/carcinogenesis#d108_19",
        "http://dl-learner.org/carcinogenesis#bond6618",
        "http://dl-learner.org/carcinogenesis#d84a_8"
      ]
    },
    "RandomUnknown_21": {
      "positive_examples": [
        "http://dl-learner.org/carcinogenesis#bond4212",
        "http://dl-learner.org/carcinogenesis#bond2348",
        "http://dl-learner.org/carcinogenesis#bond3751",
        "http://dl-learner.org/carcinogenesis#di10-3298",
        "http://dl-learner.org/carcinogenesis#bond6653"
      ],
      "negative_examples": [
        "http://dl-learner.org/carcinogenesis#d290_10",
        "http://dl-learner.org/carcinogenesis#d312_21",
        "http://dl-learner.org/carcinogenesis#bond8358",
        "http://dl-learner.org/carcinogenesis#d145_33",
        "http://dl-learner.org/carcinogenesis#d324_37"
      ]
    },
    "RandomUnknown_22": {
      "positive_examples": [
        "http://dl-learner.org/carcinogenesis#bond6843",
        "http://dl-learner.org/carcinogenesis#methyl-1915",
        "http://dl-learner.org/carcinogenesis#bond9170",
        "http://dl-learner.org/carcinogenesis#bond4303",
        "http://dl-learner.org/carcinogenesis#bond2213"
      ],
      "negative_examples": [
        "http://dl-learner.org/carcinogenesis#d74_25",
        "http://dl-learner.org/carcinogenesis#alkyl_halide-252",
        "http://dl-learner.org/carcinogenesis#bond9169",
        "http://dl-learner.org/carcinogenesis#d180_14",
        "http://dl-learner.org/carcinogenesis#bond4462"
      ]
    },
    "RandomUnknown_23": {
      "positive_examples": [
        "http://dl-learner.org/carcinogenesis#d101_9",
        "http://dl-learner.org/carcinogenesis#d41_29",
        "http://dl-learner.org/carcinogenesis#d48_9",
        "http://dl-learner.org/carcinogenesis#amine-1222",
        "http://dl-learner.org/carcinogenesis#non_ar_hetero_6_ring-995"
      ],
      "negative_examples": [
        "http://dl-learner.org/carcinogenesis#bond1543",
        "http://dl-learner.org/carcinogenesis#ketone-1010",
        "http://dl-learner.org/carcinogenesis#bond9299",
        "http://dl-learner.org/carcinogenesis#bond6766",
        "http://dl-learner.org/carcinogenesis#d89_7"
      ]
    },
    "RandomUnknown_24": {
      "positive_examples": [
        "http://dl-learner.org/carcinogenesis#d138_9",
        "http://dl-learner.org/carcinogenesis#d177_1",
        "http://dl-learner.org/carcinogenesis#bond662",
        "http://dl-learner.org/carcinogenesis#bond1745",
        "http://dl-learner.org/carcinogenesis#d147_37"
      ],
      "negative_examples": [
        "http://dl-learner.org/carcinogenesis#bond2642",
        "http://dl-learner.org/carcinogenesis#d132",
        "http://dl-learner.org/carcinogenesis#d173_6",
        "http://dl-learner.org/carcinogenesis#d324_51",
        "http://dl-learner.org/carcinogenesis#ketone-2204"
      ]
    },
    "RandomUnknown_25": {
      "positive_examples": [
        "http://dl-learner.org/carcinogenesis#bond9288",
        "http://dl-learner.org/carcinogenesis#bond4554",
        "http://dl-learner.org/carcinogenesis#d128_8",
        "http://dl-learner.org/carcinogenesis#bond8420",
        "http://dl-learner.org/carcinogenesis#d298_15"
      ],
      "negative_examples": [
        "http://dl-learner.org/carcinogenesis#d232_8",
        "http://dl-learner.org/carcinogenesis#bond2938",
        "http://dl-learner.org/carcinogenesis#bond6911",
        "http://dl-learner.org/carcinogenesis#alcohol-2422",
        "http://dl-learner.org/carcinogenesis#bond117"
      ]
    },
    "RandomUnknown_26": {
      "positive_examples": [
        "http://dl-learner.org/carcinogenesis#bond1052",
        "http://dl-learner.org/carcinogenesis#d179_21",
        "http://dl-learner.org/carcinogenesis#bond1290",
        "http://dl-learner.org/carcinogenesis#amine-1257",
        "http://dl-learner.org/carcinogenesis#bond7253"
      ],
      "negative_examples": [
        "http://dl-learner.org/carcinogenesis#d222_9",
        "http://dl-learner.org/carcinogenesis#bond6930",
        "http://dl-learner.org/carcinogenesis#methyl-1922",
        "http://dl-learner.org/carcinogenesis#bond4788",
        "http://dl-learner.org/carcinogenesis#methyl-1848"
      ]
    },
    "RandomUnknown_27": {
      "positive_examples": [
        "http://dl-learner.org/carcinogenesis#d55_8",
        "http://dl-learner.org/carcinogenesis#di23-3422",
        "http://dl-learner.org/carcinogenesis#bond869",
        "http://dl-learner.org/carcinogenesis#bond1118",
        "http://dl-learner.org/carcinogenesis#bond6037"
      ],
      "negative_examples": [
        "http://dl-learner.org/carcinogenesis#di10-3347",
        "http://dl-learner.org/carcinogenesis#d108",
        "http://dl-learner.org/carcinogenesis#bond864",
        "http://dl-learner.org/carcinogenesis#bond9137",
        "http://dl-learner.org/carcinogenesis#d330_43"
      ]
    },
    "RandomUnknown_28": {
      "positive_examples": [
        "http://dl-learner.org/carcinogenesis#bond7853",
        "http://dl-learner.org/carcinogenesis#bond6716",
        "http://dl-learner.org/carcinogenesis#bond4756",
        "http://dl-learner.org/carcinogenesis#d222_25",
        "http://dl-learner.org/carcinogenesis#d3_4"
      ],
      "negative_examples": [
        "http://dl-learner.org/carcinogenesis#six_ring-1251",
        "http://dl-learner.org/carcinogenesis#d202_15",
        "http://dl-learner.org/carcinogenesis#d99_22",
        "http://dl-learner.org/carcinogenesis#bond654",
        "http://dl-learner.org/carcinogenesis#bond1069"
      ]
    },
    "RandomUnknown_29": {
      "positive_examples": [
        "http://dl-learner.org/carcinogenesis#d333",
        "http://dl-learner.org/carcinogenesis#six_ring-897",
        "http://dl-learner.org/carcinogenesis#halide10-3599",
        "http://dl-learner.org/carcinogenesis#bond2185",
        "http://dl-learner.org/carcinogenesis#bond7444"
      ],
      "negative_examples": [
        "http://dl-learner.org/carcinogenesis#bond2284",
        "http://dl-learner.org/carcinogenesis#bond2570",
        "http://dl-learner.org/carcinogenesis#ketone-1039",
        "http://dl-learner.org/carcinogenesis#d33_9",
        "http://dl-learner.org/carcinogenesis#d40_18"
      ]
    },
    "RandomUnknown_30": {
      "positive_examples": [
        "http://dl-learner.org/carcinogenesis#six_ring-304",
        "http://dl-learner.org/carcinogenesis#d83_16",
        "http://dl-learner.org/carcinogenesis#d100_9",
        "http://dl-learner.org/carcinogenesis#d294_12",
        "http://dl-learner.org/carcinogenesis#d278_13"
      ],
      "negative_examples": [
        "http://dl-learner.org/carcinogenesis#bond3465",
        "http://dl-learner.org/carcinogenesis#d77_49",
        "http://dl-learner.org/carcinogenesis#d270_35",
        "http://dl-learner.org/carcinogenesis#non_ar_6c_ring-1546",
        "http://dl-learner.org/carcinogenesis#d85_2_3"
      ]
    },
    "RandomUnknown_31": {
      "positive_examples": [
        "http://dl-learner.org/carcinogenesis#d329_59",
        "http://dl-learner.org/carcinogenesis#di10-3333",
        "http://dl-learner.org/carcinogenesis#bond188",
        "http://dl-learner.org/carcinogenesis#d184_8",
        "http://dl-learner.org/carcinogenesis#d73_8"
      ],
      "negative_examples": [
        "http://dl-learner.org/carcinogenesis#bond7906",
        "http://dl-learner.org/carcinogenesis#bond2791",
        "http://dl-learner.org/carcinogenesis#ether-1883",
        "http://dl-learner.org/carcinogenesis#d184_23",
        "http://dl-learner.org/carcinogenesis#methyl-143"
      ]
    },
    "RandomUnknown_32": {
      "positive_examples": [
        "http://dl-learner.org/carcinogenesis#d21_2",
        "http://dl-learner.org/carcinogenesis#bond4821",
        "http://dl-learner.org/carcinogenesis#bond4437",
        "http://dl-learner.org/carcinogenesis#bond3268",
        "http://dl-learner.org/carcinogenesis#methyl-2205"
      ],
      "negative_examples": [
        "http://dl-learner.org/carcinogenesis#bond5052",
        "http://dl-learner.org/carcinogenesis#d283_7",
        "http://dl-learner.org/carcinogenesis#bond5056",
        "http://dl-learner.org/carcinogenesis#six_ring-500",
        "http://dl-learner.org/carcinogenesis#six_ring-2734"
      ]
    },
    "RandomUnknown_33": {
      "positive_examples": [
        "http://dl-learner.org/carcinogenesis#bond6250",
        "http://dl-learner.org/carcinogenesis#d221_39",
        "http://dl-learner.org/carcinogenesis#bond6597",
        "http://dl-learner.org/carcinogenesis#bond4170",
        "http://dl-learner.org/carcinogenesis#bond3741"
      ],
      "negative_examples": [
        "http://dl-learner.org/carcinogenesis#d125_11",
        "http://dl-learner.org/carcinogenesis#ketone-730",
        "http://dl-learner.org/carcinogenesis#d3_2",
        "http://dl-learner.org/carcinogenesis#methoxy-2780",
        "http://dl-learner.org/carcinogenesis#bond3442"
      ]
    },
    "RandomUnknown_34": {
      "positive_examples": [
        "http://dl-learner.org/carcinogenesis#d304b_17",
        "http://dl-learner.org/carcinogenesis#bond2530",
        "http://dl-learner.org/carcinogenesis#d156_2",
        "http://dl-learner.org/carcinogenesis#ether-1488",
        "http://dl-learner.org/carcinogenesis#d186b_17"
      ],
      "negative_examples": [
        "http://dl-learner.org/carcinogenesis#d239_8",
        "http://dl-learner.org/carcinogenesis#d175_19",
        "http://dl-learner.org/carcinogenesis#bond6802",
        "http://dl-learner.org/carcinogenesis#d123_17",
        "http://dl-learner.org/carcinogenesis#ether-624"
      ]
    },
    "RandomUnknown_35": {
      "positive_examples": [
        "http://dl-learner.org/carcinogenesis#bond2210",
        "http://dl-learner.org/carcinogenesis#d182_27",
        "http://dl-learner.org/carcinogenesis#bond1436",
        "http://dl-learner.org/carcinogenesis#non_ar_6c_ring-2951",
        "http://dl-learner.org/carcinogenesis#d324_15"
      ],
      "negative_examples": [
        "http://dl-learner.org/carcinogenesis#bond4662",
        "http://dl-learner.org/carcinogenesis#d63_20",
        "http://dl-learner.org/carcinogenesis#bond2934",
        "http://dl-learner.org/carcinogenesis#bond4120",
        "http://dl-learner.org/carcinogenesis#amine-2641"
      ]
    },
    "RandomUnknown_36": {
      "positive_examples": [
        "http://dl-learner.org/carcinogenesis#bond7078",
        "http://dl-learner.org/carcinogenesis#bond7504",
        "http://dl-learner.org/carcinogenesis#bond18",
        "http://dl-learner.org/carcinogenesis#bond6369",
        "http://dl-learner.org/carcinogenesis#bond310"
      ],
      "negative_examples": [
        "http://dl-learner.org/carcinogenesis#d179_10",
        "http://dl-learner.org/carcinogenesis#d337_8",
        "http://dl-learner.org/carcinogenesis#d162_11",
        "http://dl-learner.org/carcinogenesis#bond1348",
        "http://dl-learner.org/carcinogenesis#methyl-732"
      ]
    },
    "RandomUnknown_37": {
      "positive_examples": [
        "http://dl-learner.org/carcinogenesis#ketone-796",
        "http://dl-learner.org/carcinogenesis#d188a_9",
        "http://dl-learner.org/carcinogenesis#bond7979",
        "http://dl-learner.org/carcinogenesis#bond3072",
        "http://dl-learner.org/carcinogenesis#bond4411"
      ],
      "negative_examples": [
        "http://dl-learner.org/carcinogenesis#d119_16",
        "http://dl-learner.org/carcinogenesis#bond6749",
        "http://dl-learner.org/carcinogenesis#d271_15",
        "http://dl-learner.org/carcinogenesis#non_ar_hetero_5_ring-2104",
        "http://dl-learner.org/carcinogenesis#d297_31"
      ]
    },
    "RandomUnknown_38": {
      "positive_examples": [
        "http://dl-learner.org/carcinogenesis#bond369",
        "http://dl-learner.org/carcinogenesis#d107c_60",
        "http://dl-learner.org/carcinogenesis#bond1213",
        "http://dl-learner.org/carcinogenesis#bond8821",
        "http://dl-learner.org/carcinogenesis#bond230"
      ],
      "negative_examples": [
        "http://dl-learner.org/carcinogenesis#six_ring-704",
        "http://dl-learner.org/carcinogenesis#bond3365",
        "http://dl-learner.org/carcinogenesis#d222_27",
        "http://dl-learner.org/carcinogenesis#methyl-1964",
        "http://dl-learner.org/carcinogenesis#bond1481"
      ]
    },
    "RandomUnknown_39": {
      "positive_examples": [
        "http://dl-learner.org/carcinogenesis#six_ring-878",
        "http://dl-learner.org/carcinogenesis#d108_21",
        "http://dl-learner.org/carcinogenesis#amino-3166",
        "http://dl-learner.org/carcinogenesis#bond7299",
        "http://dl-learner.org/carcinogenesis#d291_4"
      ],
      "negative_examples": [
        "http://dl-learner.org/carcinogenesis#d23_1",
        "http://dl-learner.org/carcinogenesis#d268_1",
        "http://dl-learner.org/carcinogenesis#d153_3",
        "http://dl-learner.org/carcinogenesis#d256_6",
        "http://dl-learner.org/carcinogenesis#d44_16"
      ]
    },
    "RandomUnknown_40": {
      "positive_examples": [
        "http://dl-learner.org/carcinogenesis#non_ar_5c_ring-201",
        "http://dl-learner.org/carcinogenesis#bond4316",
        "http://dl-learner.org/carcinogenesis#d312_19",
        "http://dl-learner.org/carcinogenesis#bond5347",
        "http://dl-learner.org/carcinogenesis#bond2773"
      ],
      "negative_examples": [
        "http://dl-learner.org/carcinogenesis#di10-3282",
        "http://dl-learner.org/carcinogenesis#bond3284",
        "http://dl-learner.org/carcinogenesis#bond7287",
        "http://dl-learner.org/carcinogenesis#bond7825",
        "http://dl-learner.org/carcinogenesis#bond6742"
      ]
    },
    "RandomUnknown_41": {
      "positive_examples": [
        "http://dl-learner.org/carcinogenesis#bond3819",
        "http://dl-learner.org/carcinogenesis#d161_23",
        "http://dl-learner.org/carcinogenesis#bond5448",
        "http://dl-learner.org/carcinogenesis#bond3131",
        "http://dl-learner.org/carcinogenesis#d311_12"
      ],
      "negative_examples": [
        "http://dl-learner.org/carcinogenesis#bond4753",
        "http://dl-learner.org/carcinogenesis#bond3081",
        "http://dl-learner.org/carcinogenesis#bond6469",
        "http://dl-learner.org/carcinogenesis#bond1186",
        "http://dl-learner.org/carcinogenesis#d219_29"
      ]
    },
    "RandomUnknown_42": {
      "positive_examples": [
        "http://dl-learner.org/carcinogenesis#bond4244",
        "http://dl-learner.org/carcinogenesis#bond8439",
        "http://dl-learner.org/carcinogenesis#d330_62",
        "http://dl-learner.org/carcinogenesis#d193_5",
        "http://dl-learner.org/carcinogenesis#bond8023"
      ],
      "negative_examples": [
        "http://dl-learner.org/carcinogenesis#d53_3",
        "http://dl-learner.org/carcinogenesis#bond2026",
        "http://dl-learner.org/carcinogenesis#ar_halide-309",
        "http://dl-learner.org/carcinogenesis#bond9246",
        "http://dl-learner.org/carcinogenesis#non_ar_6c_ring-2795"
      ]
    },
    "RandomUnknown_43": {
      "positive_examples": [
        "http://dl-learner.org/carcinogenesis#d177_27",
        "http://dl-learner.org/carcinogenesis#bond8937",
        "http://dl-learner.org/carcinogenesis#non_ar_6c_ring-1989",
        "http://dl-learner.org/carcinogenesis#bond2495",
        "http://dl-learner.org/carcinogenesis#ar_halide-428"
      ],
      "negative_examples": [
        "http://dl-learner.org/carcinogenesis#bond2501",
        "http://dl-learner.org/carcinogenesis#d268_9",
        "http://dl-learner.org/carcinogenesis#bond8495",
        "http://dl-learner.org/carcinogenesis#bond2960",
        "http://dl-learner.org/carcinogenesis#d127_2"
      ]
    },
    "RandomUnknown_44": {
      "positive_examples": [
        "http://dl-learner.org/carcinogenesis#d57_8",
        "http://dl-learner.org/carcinogenesis#d229_4",
        "http://dl-learner.org/carcinogenesis#bond4349",
        "http://dl-learner.org/carcinogenesis#bond2074",
        "http://dl-learner.org/carcinogenesis#bond8601"
      ],
      "negative_examples": [
        "http://dl-learner.org/carcinogenesis#bond2774",
        "http://dl-learner.org/carcinogenesis#six_ring-1768",
        "http://dl-learner.org/carcinogenesis#bond6357",
        "http://dl-learner.org/carcinogenesis#bond4119",
        "http://dl-learner.org/carcinogenesis#d139_8"
      ]
    },
    "RandomUnknown_45": {
      "positive_examples": [
        "http://dl-learner.org/carcinogenesis#bond992",
        "http://dl-learner.org/carcinogenesis#d206_17",
        "http://dl-learner.org/carcinogenesis#d163_15",
        "http://dl-learner.org/carcinogenesis#ar_halide-2152",
        "http://dl-learner.org/carcinogenesis#bond7209"
      ],
      "negative_examples": [
        "http://dl-learner.org/carcinogenesis#d163_21",
        "http://dl-learner.org/carcinogenesis#d77_60",
        "http://dl-learner.org/carcinogenesis#bond3415",
        "http://dl-learner.org/carcinogenesis#bond8834",
        "http://dl-learner.org/carcinogenesis#d75_19"
      ]
    },
    "RandomUnknown_46": {
      "positive_examples": [
        "http://dl-learner.org/carcinogenesis#bond3430",
        "http://dl-learner.org/carcinogenesis#d297_145",
        "http://dl-learner.org/carcinogenesis#bond5917",
        "http://dl-learner.org/carcinogenesis#bond4006",
        "http://dl-learner.org/carcinogenesis#bond7790"
      ],
      "negative_examples": [
        "http://dl-learner.org/carcinogenesis#bond8318",
        "http://dl-learner.org/carcinogenesis#non_ar_6c_ring-2147",
        "http://dl-learner.org/carcinogenesis#d220b_10",
        "http://dl-learner.org/carcinogenesis#methyl-619",
        "http://dl-learner.org/carcinogenesis#d267_9"
      ]
    },
    "RandomUnknown_47": {
      "positive_examples": [
        "http://dl-learner.org/carcinogenesis#d121_9",
        "http://dl-learner.org/carcinogenesis#d318_24",
        "http://dl-learner.org/carcinogenesis#six_ring-1652",
        "http://dl-learner.org/carcinogenesis#d264_4",
        "http://dl-learner.org/carcinogenesis#six_ring-1768"
      ],
      "negative_examples": [
        "http://dl-learner.org/carcinogenesis#d280_4",
        "http://dl-learner.org/carcinogenesis#bond223",
        "http://dl-learner.org/carcinogenesis#bond8025",
        "http://dl-learner.org/carcinogenesis#d297_137",
        "http://dl-learner.org/carcinogenesis#bond7887"
      ]
    },
    "RandomUnknown_48": {
      "positive_examples": [
        "http://dl-learner.org/carcinogenesis#d270_2",
        "http://dl-learner.org/carcinogenesis#d83_9",
        "http://dl-learner.org/carcinogenesis#bond2310",
        "http://dl-learner.org/carcinogenesis#bond225",
        "http://dl-learner.org/carcinogenesis#d107d_12"
      ],
      "negative_examples": [
        "http://dl-learner.org/carcinogenesis#d186a_43",
        "http://dl-learner.org/carcinogenesis#d39_9",
        "http://dl-learner.org/carcinogenesis#bond668",
        "http://dl-learner.org/carcinogenesis#bond6210",
        "http://dl-learner.org/carcinogenesis#bond4060"
      ]
    },
    "RandomUnknown_49": {
      "positive_examples": [
        "http://dl-learner.org/carcinogenesis#d304a_22",
        "http://dl-learner.org/carcinogenesis#six_ring-1986",
        "http://dl-learner.org/carcinogenesis#d297_42",
        "http://dl-learner.org/carcinogenesis#bond1547",
        "http://dl-learner.org/carcinogenesis#d294_12"
      ],
      "negative_examples": [
        "http://dl-learner.org/carcinogenesis#bond5507",
        "http://dl-learner.org/carcinogenesis#d177_10",
        "http://dl-learner.org/carcinogenesis#bond8508",
        "http://dl-learner.org/carcinogenesis#d101_4",
        "http://dl-learner.org/carcinogenesis#bond1080"
      ]
    }
  }
}