{
  "problems": {
    "RandomUnknown_0": {
      "positive_examples": [
        "http://dl-learner.org/carcinogenesis#bond4773",
        "http://dl-learner.org/carcinogenesis#d261_11",
        "http://dl-learner.org/carcinogenesis#bond6420",
        "http://dl-learner.org/carcinogenesis#d203_15",
        "http://dl-learner.org/carcinogenesis#d205_6",
        "http://dl-learner.org/carcinogenesis#d156_32",
        "http://dl-learner.org/carcinogenesis#bond6740",
        "http://dl-learner.org/carcinogenesis#non_ar_6c_ring-2679",
        "http://dl-learner.org/carcinogenesis#d48_25",
        "http://dl-learner.org/carcinogenesis#bond2212"
      ],
      "negative_examples": [
        "http://dl-learner.org/carcinogenesis#five_ring-603",
        "http://dl-learner.org/carcinogenesis#bond7466",
        "http://dl-learner.org/carcinogenesis#six_ring-2364",
        "http://dl-learner.org/carcinogenesis#d324_42",
        "http://dl-learner.org/carcinogenesis#methyl-2084",
        "http://dl-learner.org/carcinogenesis#d255_2",
        "http://dl-learner.org/carcinogenesis#d183_55",
        "http://dl-learner.org/carcinogenesis#d127_2",
        "http://dl-learner.org/carcinogenesis#d108_24",
        "http://dl-learner.org/carcinogenesis#phenol-2034"
      ]
    },
    "RandomUnknown_1": {
      "positive_examples": [
        "http://dl-learner.org/carcinogenesis#bond6025",
        "http://dl-learner.org/carcinogenesis#bond2265",
        "http://dl-learner.org/carcinogenesis#d109_30",
        "http://dl-learner.org/carcinogenesis#six_ring-2807",
        "http://dl-learner.org/carcinogenesis#bond5449",
        "http://dl-learner.org/carcinogenesis#bond7138",
        "http://dl-learner.org/carcinogenesis#bond7737",
        "http://dl-learner.org/carcinogenesis#d77_33",
        "http://dl-learner.org/carcinogenesis#d163_23",
        "http://dl-learner.org/carcinogenesis#d155_42"
      ],
      "negative_examples": [
        "http://dl-learner.org/carcinogenesis#d164_30",
        "http://dl-learner.org/carcinogenesis#d98_1",
        "http://dl-learner.org/carcinogenesis#d256_5",
        "http://dl-learner.org/carcinogenesis#bond8345",
        "http://dl-learner.org/carcinogenesis#bond6150",
        "http://dl-learner.org/carcinogenesis#d222_2",
        "http://dl-learner.org/carcinogenesis#alkyl_halide-3064",
        "http://dl-learner.org/carcinogenesis#d134_12",
        "http://dl-learner.org/carcinogenesis#bond8930",
        "http://dl-learner.org/carcinogenesis#methyl-2553"
      ]
    },
    "RandomUnknown_2": {
      "positive_examples": [
        "http://dl-learner.org/carcinogenesis#bond2461",
        "http://dl-learner.org/carcinogenesis#bond7746",
        "http://dl-learner.org/carcinogenesis#bond3538",
        "http://dl-learner.org/carcinogenesis#bond757",
        "http://dl-learner.org/carcinogenesis#d172_30",
        "http://dl-learner.org/carcinogenesis#d186a_107",
        "http://dl-learner.org/carcinogenesis#d84a_6",
        "http://dl-learner.org/carcinogenesis#d271_26",
        "http://dl-learner.org/carcinogenesis#d189_5",
        "http://dl-learner.org/carcinogenesis#amino-3198"
      ],
      "negative_examples": [
        "http://dl-learner.org/carcinogenesis#d63",
        "http://dl-learner.org/carcinogenesis#bond802",
        "http://dl-learner.org/carcinogenesis#ar_halide-3082",
        "http://dl-learner.org/carcinogenesis#bond4861",
        "http://dl-learner.org/carcinogenesis#non_ar_6c_ring-2229",
        "http://dl-learner.org/carcinogenesis#bond3710",
        "http://dl-learner.org/carcinogenesis#bond5515",
        "http://dl-learner.org/carcinogenesis#bond361",
        "http://dl-learner.org/carcinogenesis#bond1024",
        "http://dl-learner.org/carcinogenesis#bond4065"
      ]
    },
    "RandomUnknown_3": {
      "positive_examples": [
        "http://dl-learner.org/carcinogenesis#d225a_34",
        "http://dl-learner.org/carcinogenesis#bond4205",
        "http://dl-learner.org/carcinogenesis#bond8278",
        "http://dl-learner.org/carcinogenesis#bond7374",
        "http://dl-learner.org/carcinogenesis#d114_4",
        "http://dl-learner.org/carcinogenesis#bond8189",
        "http://dl-learner.org/carcinogenesis#d329_38",
        "http://dl-learner.org/carcinogenesis#non_ar_6c_ring-1989",
        "http://dl-learner.org/carcinogenesis#methoxy-647",
        "http://dl-learner.org/carcinogenesis#d317_1"
      ],
      "negative_examples": [
        "http://dl-learner.org/carcinogenesis#d45_7",
        "http://dl-learner.org/carcinogenesis#bond2888",
        "http://dl-learner.org/carcinogenesis#bond7916",
        "http://dl-learner.org/carcinogenesis#bond7289",
        "http://dl-learner.org/carcinogenesis#methyl-2216",
        "http://dl-learner.org/carcinogenesis#d41_2",
        "http://dl-learner.org/carcinogenesis#bond4622",
        "http://dl-learner.org/carcinogenesis#d123_15",
        "http://dl-learner.org/carcinogenesis#bond6728",
        "http://dl-learner.org/carcinogenesis#d327_33"
      ]
    },
    "RandomUnknown_4": {
      "positive_examples": [
        "http://dl-learner.org/carcinogenesis#bond7168",
        "http://dl-learner.org/carcinogenesis#bond98",
        "http://dl-learner.org/carcinogenesis#d260_13",
        "http://dl-learner.org/carcinogenesis#d80_16",
        "http://dl-learner.org/carcinogenesis#bond1554",
        "http://dl-learner.org/carcinogenesis#bond9154",
        "http://dl-learner.org/carcinogenesis#d27_6",
        "http://dl-learner.org/carcinogenesis#d161_20",
        "http://dl-learner.org/carcinogenesis#d171_42",
        "http://dl-learner.org/carcinogenesis#bond7698"
      ],
      "negative_examples": [
        "http://dl-learner.org/carcinogenesis#d214_36",
        "http://dl-learner.org/carcinogenesis#bond2009",
        "http://dl-learner.org/carcinogenesis#d167_15",
        "http://dl-learner.org/carcinogenesis#d231_7",
        "http://dl-learner.org/carcinogenesis#d195_7",
        "http://dl-learner.org/carcinogenesis#bond8427",
        "http://dl-learner.org/carcinogenesis#d19",
        "http://dl-learner.org/carcinogenesis#bond4964",
        "http://dl-learner.org/carcinogenesis#bond6337",
        "http://dl-learner.org/carcinogenesis#d225a_7"
      ]
    },
    "RandomUnknown_5": {
      "positive_examples": [
        "http://dl-learner.org/carcinogenesis#d99_2",
        "http://dl-learner.org/carcinogenesis#bond9246",
        "http://dl-learner.org/carcinogenesis#bond1978",
        "http://dl-learner.org/carcinogenesis#ar_halide-270",
        "http://dl-learner.org/carcinogenesis#bond6531",
        "http://dl-learner.org/carcinogenesis#bond5510",
        "http://dl-learner.org/carcinogenesis#d255_6",
        "http://dl-learner.org/carcinogenesis#methyl-2144",
        "http://dl-learner.org/carcinogenesis#d258_9",
        "http://dl-learner.org/carcinogenesis#bond2212"
      ],
      "negative_examples": [
        "http://dl-learner.org/carcinogenesis#d246_10",
        "http://dl-learner.org/carcinogenesis#bond9257",
        "http://dl-learner.org/carcinogenesis#d269_4",
        "http://dl-learner.org/carcinogenesis#bond8949",
        "http://dl-learner.org/carcinogenesis#six_ring-1623",
        "http://dl-learner.org/carcinogenesis#bond4757",
        "http://dl-learner.org/carcinogenesis#d330_40",
        "http://dl-learner.org/carcinogenesis#bond7512",
        "http://dl-learner.org/carcinogenesis#d179_28",
        "http://dl-learner.org/carcinogenesis#sulfide-1413"
      ]
    },
    "RandomUnknown_6": {
      "positive_examples": [
        "http://dl-learner.org/carcinogenesis#bond3775",
        "http://dl-learner.org/carcinogenesis#bond2255",
        "http://dl-learner.org/carcinogenesis#d37_18",
        "http://dl-learner.org/carcinogenesis#d202_15",
        "http://dl-learner.org/carcinogenesis#d84a_5",
        "http://dl-learner.org/carcinogenesis#non_ar_6c_ring-1681",
        "http://dl-learner.org/carcinogenesis#ether-848",
        "http://dl-learner.org/carcinogenesis#bond1805",
        "http://dl-learner.org/carcinogenesis#bond4204",
        "http://dl-learner.org/carcinogenesis#d332_12"
      ],
      "negative_examples": [
        "http://dl-learner.org/carcinogenesis#bond1381",
        "http://dl-learner.org/carcinogenesis#d36a_16",
        "http://dl-learner.org/carcinogenesis#six_ring-2363",
        "http://dl-learner.org/carcinogenesis#d201_31",
        "http://dl-learner.org/carcinogenesis#bond8234",
        "http://dl-learner.org/carcinogenesis#bond6303",
        "http://dl-learner.org/carcinogenesis#d297_213",
        "http://dl-learner.org/carcinogenesis#di8-3236",
        "http://dl-learner.org/carcinogenesis#bond9150",
        "http://dl-learner.org/carcinogenesis#bond888"
      ]
    },
    "RandomUnknown_7": {
      "positive_examples": [
        "http://dl-learner.org/carcinogenesis#bond4191",
        "http://dl-learner.org/carcinogenesis#bond3432",
        "http://dl-learner.org/carcinogenesis#d67_13",
        "http://dl-learner.org/carcinogenesis#d213_6",
        "http://dl-learner.org/carcinogenesis#bond9128",
        "http://dl-learner.org/carcinogenesis#bond412",
        "http://dl-learner.org/carcinogenesis#bond1482",
        "http://dl-learner.org/carcinogenesis#bond6852",
        "http://dl-learner.org/carcinogenesis#d218_14",
        "http://dl-learner.org/carcinogenesis#d152_29"
      ],
      "negative_examples": [
        "http://dl-learner.org/carcinogenesis#bond4195",
        "http://dl-learner.org/carcinogenesis#bond1355",
        "http://dl-learner.org/carcinogenesis#bond7711",
        "http://dl-learner.org/carcinogenesis#di232-3773",
        "http://dl-learner.org/carcinogenesis#bond2630",
        "http://dl-learner.org/carcinogenesis#sulfo-2830",
        "http://dl-learner.org/carcinogenesis#d77_34",
        "http://dl-learner.org/carcinogenesis#bond2593",
        "http://dl-learner.org/carcinogenesis#bond3181",
        "http://dl-learner.org/carcinogenesis#non_ar_hetero_5_ring-1714"
      ]
    },
    "RandomUnknown_8": {
      "positive_examples": [
        "http://dl-learner.org/carcinogenesis#bond8798",
        "http://dl-learner.org/carcinogenesis#bond1609",
        "http://dl-learner.org/carcinogenesis#ar_halide-309",
        "http://dl-learner.org/carcinogenesis#ar_halide-2001",
        "http://dl-learner.org/carcinogenesis#d186b_1",
        "http://dl-learner.org/carcinogenesis#ketone-1732",
        "http://dl-learner.org/carcinogenesis#d168_12",
        "http://dl-learner.org/carcinogenesis#d113_7",
        "http://dl-learner.org/carcinogenesis#ether-2433",
        "http://dl-learner.org/carcinogenesis#bond1576"
      ],
      "negative_examples": [
        "http://dl-learner.org/carcinogenesis#d157_5",
        "http://dl-learner.org/carcinogenesis#bond8341",
        "http://dl-learner.org/carcinogenesis#ether-2069",
        "http://dl-learner.org/carcinogenesis#ar_halide-3130",
        "http://dl-learner.org/carcinogenesis#bond3240",
        "http://dl-learner.org/carcinogenesis#d81_6",
        "http://dl-learner.org/carcinogenesis#bond1910",
        "http://dl-learner.org/carcinogenesis#d117_15",
        "http://dl-learner.org/carcinogenesis#bond4406",
        "http://dl-learner.org/carcinogenesis#bond1804"
      ]
    },
    "RandomUnknown_9": {
      "positive_examples": [
        "http://dl-learner.org/carcinogenesis#bond5646",
        "http://dl-learner.org/carcinogenesis#six_ring-2709",
        "http://dl-learner.org/carcinogenesis#bond604",
        "http://dl-learner.org/carcinogenesis#nitro-1952",
        "http://dl-learner.org/carcinogenesis#d288_16",
        "http://dl-learner.org/carcinogenesis#d135_58",
        "http://dl-learner.org/carcinogenesis#ar_halide-250",
        "http://dl-learner.org/carcinogenesis#bond4556",
        "http://dl-learner.org/carcinogenesis#d325_12",
        "http://dl-learner.org/carcinogenesis#bond186"
      ],
      "negative_examples": [
        "http://dl-learner.org/carcinogenesis#six_ring-1381",
        "http://dl-learner.org/carcinogenesis#non_ar_6c_ring-1926",
        "http://dl-learner.org/carcinogenesis#d137_19",
        "http://dl-learner.org/carcinogenesis#d30",
        "http://dl-learner.org/carcinogenesis#d124_17",
        "http://dl-learner.org/carcinogenesis#d334_4",
        "http://dl-learner.org/carcinogenesis#bond4430",
        "http://dl-learner.org/carcinogenesis#bond6858",
        "http://dl-learner.org/carcinogenesis#d37_13",
        "http://dl-learner.org/carcinogenesis#bond8413"
      ]
    },
    "RandomUnknown_10": {
      "positive_examples": [
        "http://dl-learner.org/carcinogenesis#ether-1081",
        "http://dl-learner.org/carcinogenesis#d224",
        "http://dl-learner.org/carcinogenesis#bond1695",
        "http://dl-learner.org/carcinogenesis#bond2592",
        "http://dl-learner.org/carcinogenesis#d329_70",
        "http://dl-learner.org/carcinogenesis#nitro-2730",
        "http://dl-learner.org/carcinogenesis#bond8053",
        "http://dl-learner.org/carcinogenesis#d144_6",
        "http://dl-learner.org/carcinogenesis#d233_11",
        "http://dl-learner.org/carcinogenesis#bond4264"
      ],
      "negative_examples": [
        "http://dl-learner.org/carcinogenesis#d32a_13",
        "http://dl-learner.org/carcinogenesis#di10-3246",
        "http://dl-learner.org/carcinogenesis#d153",
        "http://dl-learner.org/carcinogenesis#methoxy-2348",
        "http://dl-learner.org/carcinogenesis#d84b_19",
        "http://dl-learner.org/carcinogenesis#bond2337",
        "http://dl-learner.org/carcinogenesis#d195_12",
        "http://dl-learner.org/carcinogenesis#d210_12",
        "http://dl-learner.org/carcinogenesis#bond4107",
        "http://dl-learner.org/carcinogenesis#bond2366"
      ]
    },
    "RandomUnknown_11": {
      "positive_examples": [
        "http://dl-learner.org/carcinogenesis#bond47",
        "http://dl-learner.org/carcinogenesis#d137_45",
        "http://dl-learner.org/carcinogenesis#non_ar_6c_ring-812",
        "http://dl-learner.org/carcinogenesis#bond1242",
        "http://dl-learner.org/carcinogenesis#d50_6",
        "http://dl-learner.org/carcinogenesis#d220b_15",
        "http://dl-learner.org/carcinogenesis#bond5412",
        "http://dl-learner.org/carcinogenesis#bond5447",
        "http://dl-learner.org/carcinogenesis#bond5056",
        "http://dl-learner.org/carcinogenesis#d211_18"
      ],
      "negative_examples": [
        "http://dl-learner.org/carcinogenesis#bond1159",
        "http://dl-learner.org/carcinogenesis#ar_halide-1692",
        "http://dl-learner.org/carcinogenesis#d41_7",
        "http://dl-learner.org/carcinogenesis#bond5245",
        "http://dl-learner.org/carcinogenesis#methyl-1651",
        "http://dl-learner.org/carcinogenesis#bond9190",
        "http://dl-learner.org/carcinogenesis#d76_6",
        "http://dl-learner.org/carcinogenesis#bond6298",
        "http://dl-learner.org/carcinogenesis#bond1618",
        "http://dl-learner.org/carcinogenesis#d264_35"
      ]
    },
    "RandomUnknown_12": {
      "positive_examples": [
        "http://dl-learner.org/carcinogenesis#d198_5",
        "http://dl-learner.org/carcinogenesis#ar_halide-2953",
        "http://dl-learner.org/carcinogenesis#d187_9",
        "http://dl-learner.org/carcinogenesis#d17_19",
        "http://dl-learner.org/carcinogenesis#d238_10",
        "http://dl-learner.org/carcinogenesis#bond6763",
        "http://dl-learner.org/carcinogenesis#d65_11",
        "http://dl-learner.org/carcinogenesis#d306_15",
        "http://dl-learner.org/carcinogenesis#alkyl_halide-42",
        "http://dl-learner.org/carcinogenesis#bond3219"
      ],
      "negative_examples": [
        "http://dl-learner.org/carcinogenesis#ether-1526",
        "http://dl-learner.org/carcinogenesis#bond6183",
        "http://dl-learner.org/carcinogenesis#d75_10",
        "http://dl-learner.org/carcinogenesis#ether-749",
        "http://dl-learner.org/carcinogenesis#d160_7",
        "http://dl-learner.org/carcinogenesis#d263_8",
        "http://dl-learner.org/carcinogenesis#d315_31",
        "http://dl-learner.org/carcinogenesis#d249_24",
        "http://dl-learner.org/carcinogenesis#bond65",
        "http://dl-learner.org/carcinogenesis#d193_1"
      ]
    },
    "RandomUnknown_13": {
      "positive_examples": [
        "http://dl-learner.org/carcinogenesis#d186a_5",
        "http://dl-learner.org/carcinogenesis#bond308",
        "http://dl-learner.org/carcinogenesis#d166_6",
        "http://dl-learner.org/carcinogenesis#d40_27",
        "http://dl-learner.org/carcinogenesis#d329_18",
        "http://dl-learner.org/carcinogenesis#d149_5",
        "http://dl-learner.org/carcinogenesis#d331",
        "http://dl-learner.org/carcinogenesis#ar_halide-3081",
        "http://dl-learner.org/carcinogenesis#d107c_57",
        "http://dl-learner.org/carcinogenesis#bond8856"
      ],
      "negative_examples": [
        "http://dl-learner.org/carcinogenesis#bond5404",
        "http://dl-learner.org/carcinogenesis#d199_15",
        "http://dl-learner.org/carcinogenesis#bond638",
        "http://dl-learner.org/carcinogenesis#d13_29",
        "http://dl-learner.org/carcinogenesis#bond2002",
        "http://dl-learner.org/carcinogenesis#d108_20",
        "http://dl-learner.org/carcinogenesis#bond4990",
        "http://dl-learner.org/carcinogenesis#amine-1040",
        "http://dl-learner.org/carcinogenesis#d2_24",
        "http://dl-learner.org/carcinogenesis#bond5084"
      ]
    },
    "RandomUnknown_14": {
      "positive_examples": [
        "http://dl-learner.org/carcinogenesis#bond1929",
        "http://dl-learner.org/carcinogenesis#d155_30",
        "http://dl-learner.org/carcinogenesis#bond3373",
        "http://dl-learner.org/carcinogenesis#bond535",
        "http://dl-learner.org/carcinogenesis#bond7487",
        "http://dl-learner.org/carcinogenesis#d176_8",
        "http://dl-learner.org/carcinogenesis#d287_20",
        "http://dl-learner.org/carcinogenesis#d186a_81",
        "http://dl-learner.org/carcinogenesis#methyl-2015",
        "http://dl-learner.org/carcinogenesis#bond5997"
      ],
      "negative_examples": [
        "http://dl-learner.org/carcinogenesis#bond4531",
        "http://dl-learner.org/carcinogenesis#bond5751",
        "http://dl-learner.org/carcinogenesis#bond5746",
        "http://dl-learner.org/carcinogenesis#sulfo-2266",
        "http://dl-learner.org/carcinogenesis#d187",
        "http://dl-learner.org/carcinogenesis#bond4104",
        "http://dl-learner.org/carcinogenesis#d121_21",
        "http://dl-learner.org/carcinogenesis#bond7831",
        "http://dl-learner.org/carcinogenesis#d135_37",
        "http://dl-learner.org/carcinogenesis#bond7251"
      ]
    },
    "RandomUnknown_15": {
      "positive_examples": [
        "http://dl-learner.org/carcinogenesis#d297_128",
        "http://dl-learner.org/carcinogenesis#d314_20",
        "http://dl-learner.org/carcinogenesis#bond1174",
        "http://dl-learner.org/carcinogenesis#d70",
        "http://dl-learner.org/carcinogenesis#bond7424",
        "http://dl-learner.org/carcinogenesis#bond9303",
        "http://dl-learner.org/carcinogenesis#d297_24",
        "http://dl-learner.org/carcinogenesis#bond5696",
        "http://dl-learner.org/carcinogenesis#d318_19",
        "http://dl-learner.org/carcinogenesis#d107c_47"
      ],
      "negative_examples": [
        "http://dl-learner.org/carcinogenesis#bond7377",
        "http://dl-learner.org/carcinogenesis#d326_2",
        "http://dl-learner.org/carcinogenesis#d266_37",
        "http://dl-learner.org/carcinogenesis#bond7413",
        "http://dl-learner.org/carcinogenesis#d231_46",
        "http://dl-learner.org/carcinogenesis#non_ar_6c_ring-16",
        "http://dl-learner.org/carcinogenesis#methyl-1246",
        "http://dl-learner.org/carcinogenesis#bond6045",
        "http://dl-learner.org/carcinogenesis#bond7863",
        "http://dl-learner.org/carcinogenesis#d299_10"
      ]
    },
    "RandomUnknown_16": {
      "positive_examples": [
        "http://dl-learner.org/carcinogenesis#methoxy-1501",
        "http://dl-learner.org/carcinogenesis#d56_7",
        "http://dl-learner.org/carcinogenesis#bond1791",
        "http://dl-learner.org/carcinogenesis#d49_8",
        "http://dl-learner.org/carcinogenesis#bond6990",
        "http://dl-learner.org/carcinogenesis#bond9310",
        "http://dl-learner.org/carcinogenesis#d246_75",
        "http://dl-learner.org/carcinogenesis#bond6973",
        "http://dl-learner.org/carcinogenesis#d186b_22",
        "http://dl-learner.org/carcinogenesis#d70_16"
      ],
      "negative_examples": [
        "http://dl-learner.org/carcinogenesis#d297_98",
        "http://dl-learner.org/carcinogenesis#d101_11",
        "http://dl-learner.org/carcinogenesis#d120_9",
        "http://dl-learner.org/carcinogenesis#d186b_39",
        "http://dl-learner.org/carcinogenesis#bond2104",
        "http://dl-learner.org/carcinogenesis#bond3825",
        "http://dl-learner.org/carcinogenesis#d63_13",
        "http://dl-learner.org/carcinogenesis#bond7962",
        "http://dl-learner.org/carcinogenesis#d8_27",
        "http://dl-learner.org/carcinogenesis#d300"
      ]
    },
    "RandomUnknown_17": {
      "positive_examples": [
        "http://dl-learner.org/carcinogenesis#bond8099",
        "http://dl-learner.org/carcinogenesis#d320_14",
        "http://dl-learner.org/carcinogenesis#non_ar_6c_ring-2505",
        "http://dl-learner.org/carcinogenesis#d267_8",
        "http://dl-learner.org/carcinogenesis#bond3068",
        "http://dl-learner.org/carcinogenesis#d147_25",
        "http://dl-learner.org/carcinogenesis#d53_14",
        "http://dl-learner.org/carcinogenesis#bond9271",
        "http://dl-learner.org/carcinogenesis#d271_2",
        "http://dl-learner.org/carcinogenesis#d254_8"
      ],
      "negative_examples": [
        "http://dl-learner.org/carcinogenesis#d293_11",
        "http://dl-learner.org/carcinogenesis#di227-3735",
        "http://dl-learner.org/carcinogenesis#bond5689",
        "http://dl-learner.org/carcinogenesis#bond8145",
        "http://dl-learner.org/carcinogenesis#d53_3",
        "http://dl-learner.org/carcinogenesis#ether-1033",
        "http://dl-learner.org/carcinogenesis#bond7810",
        "http://dl-learner.org/carcinogenesis#bond4217",
        "http://dl-learner.org/carcinogenesis#bond1571",
        "http://dl-learner.org/carcinogenesis#bond7868"
      ]
    },
    "RandomUnknown_18": {
      "positive_examples": [
        "http://dl-learner.org/carcinogenesis#bond8971",
        "http://dl-learner.org/carcinogenesis#ketone-1673",
        "http://dl-learner.org/carcinogenesis#bond4442",
        "http://dl-learner.org/carcinogenesis#methyl-2349",
        "http://dl-learner.org/carcinogenesis#bond6883",
        "http://dl-learner.org/carcinogenesis#bond247",
        "http://dl-learner.org/carcinogenesis#bond82",
        "http://dl-learner.org/carcinogenesis#bond6528",
        "http://dl-learner.org/carcinogenesis#d59_9",
        "http://dl-learner.org/carcinogenesis#d42"
      ],
      "negative_examples": [
        "http://dl-learner.org/carcinogenesis#bond4794",
        "http://dl-learner.org/carcinogenesis#sulfo-1318",
        "http://dl-learner.org/carcinogenesis#bond7381",
        "http://dl-learner.org/carcinogenesis#bond7928",
        "http://dl-learner.org/carcinogenesis#d76_30",
        "http://dl-learner.org/carcinogenesis#d185_6",
        "http://dl-learner.org/carcinogenesis#bond7968",
        "http://dl-learner.org/carcinogenesis#six_ring-1383",
        "http://dl-learner.org/carcinogenesis#bond8210",
        "http://dl-learner.org/carcinogenesis#d204_14"
      ]
    },
    "RandomUnknown_19": {
      "positive_examples": [
        "http://dl-learner.org/carcinogenesis#d213_3",
        "http://dl-learner.org/carcinogenesis#d326_5",
        "http://dl-learner.org/carcinogenesis#bond7567",
        "http://dl-learner.org/carcinogenesis#six_ring-2357",
        "http://dl-learner.org/carcinogenesis#d289_2",
        "http://dl-learner.org/carcinogenesis#bond5277",
        "http://dl-learner.org/carcinogenesis#d7_39",
        "http://dl-learner.org/carcinogenesis#bond614",
        "http://dl-learner.org/carcinogenesis#bond8925",
        "http://dl-learner.org/carcinogenesis#bond8789"
      ],
      "negative_examples": [
        "http://dl-learner.org/carcinogenesis#ester-2452",
        "http://dl-learner.org/carcinogenesis#d175",
        "http://dl-learner.org/carcinogenesis#d151_6",
        "http://dl-learner.org/carcinogenesis#bond3349",
        "http://dl-learner.org/carcinogenesis#bond3510",
        "http://dl-learner.org/carcinogenesis#d135_19",
        "http://dl-learner.org/carcinogenesis#non_ar_6c_ring-688",
        "http://dl-learner.org/carcinogenesis#bond940",
        "http://dl-learner.org/carcinogenesis#bond3720",
        "http://dl-learner.org/carcinogenesis#ester-2042"
      ]
    },
    "RandomUnknown_20": {
      "positive_examples": [
        "http://dl-learner.org/carcinogenesis#bond7427",
        "http://dl-learner.org/carcinogenesis#d155_7",
        "http://dl-learner.org/carcinogenesis#phenol-654",
        "http://dl-learner.org/carcinogenesis#bond1737",
        "http://dl-learner.org/carcinogenesis#bond9178",
        "http://dl-learner.org/carcinogenesis#bond7280",
        "http://dl-learner.org/carcinogenesis#bond2802",
        "http://dl-learner.org/carcinogenesis#d232_4",
        "http://dl-learner.org/carcinogenesis#bond8008",
        "http://dl-learner.org/carcinogenesis#bond9058"
      ],
      "negative_examples": [
        "http://dl-learner.org/carcinogenesis#bond8555",
        "http://dl-learner.org/carcinogenesis#d137_61",
        "http://dl-learner.org/carcinogenesis#d101_18",
        "http://dl-learner.org/carcinogenesis#bond6124",
        "http://dl-learner.org/carcinogenesis#ar_halide-312",
        "http://dl-learner.org/carcinogenesis#bond4579",
        "http://dl-learner.org/carcinogenesis#bond6697",
        "http://dl-learner.org/carcinogenesis#d173_1",
        "http://dl-learner.org/carcinogenesis#d233_16",
        "http://dl-learner.org/carcinogenesis#d107d_66"
      ]
    },
    "RandomUnknown_21": {
      "positive_examples": [
        "http://dl-learner.org/carcinogenesis#d231_15",
        "http://dl-learner.org/carcinogenesis#bond4495",
        "http://dl-learner.org/carcinogenesis#d5_4",
        "http://dl-learner.org/carcinogenesis#bond6130",
        "http://dl-learner.org/carcinogenesis#d231_54",
        "http://dl-learner.org/carcinogenesis#bond3622",
        "http://dl-learner.org/carcinogenesis#nitro-2591",
        "http://dl-learner.org/carcinogenesis#bond4309",
        "http://dl-learner.org/carcinogenesis#bond6611",
        "http://dl-learner.org/carcinogenesis#bond7874"
      ],
      "negative_examples": [
        "http://dl-learner.org/carcinogenesis#d297_104",
        "http://dl-learner.org/carcinogenesis#bond3605",
        "http://dl-learner.org/carcinogenesis#bond3608",
        "http://dl-learner.org/carcinogenesis#d64_24",
        "http://dl-learner.org/carcinogenesis#bond7580",
        "http://dl-learner.org/carcinogenesis#d64_4",
        "http://dl-learner.org/carcinogenesis#bond2050",
        "http://dl-learner.org/carcinogenesis#d140_6",
        "http://dl-learner.org/carcinogenesis#bond3461",
        "http://dl-learner.org/carcinogenesis#d212_33"
      ]
    },
    "RandomUnknown_22": {
      "positive_examples": [
        "http://dl-learner.org/carcinogenesis#d85_1_18",
        "http://dl-learner.org/carcinogenesis#d174_23",
        "http://dl-learner.org/carcinogenesis#d43_14",
        "http://dl-learner.org/carcinogenesis#alkyl_halide-223",
        "http://dl-learner.org/carcinogenesis#d256_10",
        "http://dl-learner.org/carcinogenesis#d172_15",
        "http://dl-learner.org/carcinogenesis#d220b_10",
        "http://dl-learner.org/carcinogenesis#bond1117",
        "http://dl-learner.org/carcinogenesis#bond9296",
        "http://dl-learner.org/carcinogenesis#nitro-2475"
      ],
      "negative_examples": [
        "http://dl-learner.org/carcinogenesis#bond2916",
        "http://dl-learner.org/carcinogenesis#methyl-1850",
        "http://dl-learner.org/carcinogenesis#d324_14",
        "http://dl-learner.org/carcinogenesis#d196_5",
        "http://dl-learner.org/carcinogenesis#bond6893",
        "http://dl-learner.org/carcinogenesis#bond859",
        "http://dl-learner.org/carcinogenesis#d135_27",
        "http://dl-learner.org/carcinogenesis#ether-2136",
        "http://dl-learner.org/carcinogenesis#d247_2",
        "http://dl-learner.org/carcinogenesis#ether-2315"
      ]
    },
    "RandomUnknown_23": {
      "positive_examples": [
        "http://dl-learner.org/carcinogenesis#d129_10",
        "http://dl-learner.org/carcinogenesis#bond2969",
        "http://dl-learner.org/carcinogenesis#bond2777",
        "http://dl-learner.org/carcinogenesis#d330_42",
        "http://dl-learner.org/carcinogenesis#bond9240",
        "http://dl-learner.org/carcinogenesis#d186b_48",
        "http://dl-learner.org/carcinogenesis#bond5703",
        "http://dl-learner.org/carcinogenesis#bond3114",
        "http://dl-learner.org/carcinogenesis#bond2323",
        "http://dl-learner.org/carcinogenesis#d182_14"
      ],
      "negative_examples": [
        "http://dl-learner.org/carcinogenesis#d97_3",
        "http://dl-learner.org/carcinogenesis#bond3294",
        "http://dl-learner.org/carcinogenesis#bond6717",
        "http://dl-learner.org/carcinogenesis#d330_18",
        "http://dl-learner.org/carcinogenesis#bond3157",
        "http://dl-learner.org/carcinogenesis#d208_2_26",
        "http://dl-learner.org/carcinogenesis#bond3784",
        "http://dl-learner.org/carcinogenesis#d231_51",
        "http://dl-learner.org/carcinogenesis#bond2522",
        "http://dl-learner.org/carcinogenesis#bond9090"
      ]
    },
    "RandomUnknown_24": {
      "positive_examples": [
        "http://dl-learner.org/carcinogenesis#d334_16",
        "http://dl-learner.org/carcinogenesis#bond2255",
        "http://dl-learner.org/carcinogenesis#d221_7",
        "http://dl-learner.org/carcinogenesis#bond2640",
        "http://dl-learner.org/carcinogenesis#bond1095",
        "http://dl-learner.org/carcinogenesis#d208_2_26",
        "http://dl-learner.org/carcinogenesis#d121_25",
        "http://dl-learner.org/carcinogenesis#bond6353",
        "http://dl-learner.org/carcinogenesis#bond46",
        "http://dl-learner.org/carcinogenesis#ether-2138"
      ],
      "negative_examples": [
        "http://dl-learner.org/carcinogenesis#d207_16",
        "http://dl-learner.org/carcinogenesis#methyl-336",
        "http://dl-learner.org/carcinogenesis#bond1858",
        "http://dl-learner.org/carcinogenesis#bond6955",
        "http://dl-learner.org/carcinogenesis#d155_4",
        "http://dl-learner.org/carcinogenesis#non_ar_6c_ring-812",
        "http://dl-learner.org/carcinogenesis#bond7046",
        "http://dl-learner.org/carcinogenesis#d225a_8",
        "http://dl-learner.org/carcinogenesis#d197_43",
        "http://dl-learner.org/carcinogenesis#d175_16"
      ]
    },
    "RandomUnknown_25": {
      "positive_examples": [
        "http://dl-learner.org/carcinogenesis#d77_67",
        "http://dl-learner.org/carcinogenesis#d221_7",
        "http://dl-learner.org/carcinogenesis#bond7989",
        "http://dl-learner.org/carcinogenesis#d145_33",
        "http://dl-learner.org/carcinogenesis#bond9183",
        "http://dl-learner.org/carcinogenesis#bond4662",
        "http://dl-learner.org/carcinogenesis#d333_1",
        "http://dl-learner.org/carcinogenesis#d287_5",
        "http://dl-learner.org/carcinogenesis#d297_30",
        "http://dl-learner.org/carcinogenesis#bond6060"
      ],
      "negative_examples": [
        "http://dl-learner.org/carcinogenesis#bond1986",
        "http://dl-learner.org/carcinogenesis#d204_12",
        "http://dl-learner.org/carcinogenesis#d79_15",
        "http://dl-learner.org/carcinogenesis#d270_18",
        "http://dl-learner.org/carcinogenesis#methyl-1430",
        "http://dl-learner.org/carcinogenesis#bond9306",
        "http://dl-learner.org/carcinogenesis#d173_42",
        "http://dl-learner.org/carcinogenesis#d165_15",
        "http://dl-learner.org/carcinogenesis#bond4309",
        "http://dl-learner.org/carcinogenesis#d152_43"
      ]
    },
    "RandomUnknown_26": {
      "positive_examples": [
        "http://dl-learner.org/carcinogenesis#bond573",
        "http://dl-learner.org/carcinogenesis#bond634",
        "http://dl-learner.org/carcinogenesis#d83_13",
        "http://dl-learner.org/carcinogenesis#bond7428",
        "http://dl-learner.org/carcinogenesis#d121_17",
        "http://dl-learner.org/carcinogenesis#bond1337",
        "http://dl-learner.org/carcinogenesis#d266_20",
        "http://dl-learner.org/carcinogenesis#d337_10",
        "http://dl-learner.org/carcinogenesis#bond3455",
        "http://dl-learner.org/carcinogenesis#bond9220"
      ],
      "negative_examples": [
        "http://dl-learner.org/carcinogenesis#d63_12",
        "http://dl-learner.org/carcinogenesis#bond2858",
        "http://dl-learner.org/carcinogenesis#d207_14",
        "http://dl-learner.org/carcinogenesis#d186b_37",
        "http://dl-learner.org/carcinogenesis#d65_6",
        "http://dl-learner.org/carcinogenesis#bond6584",
        "http://dl-learner.org/carcinogenesis#ether-1609",
        "http://dl-learner.org/carcinogenesis#bond7874",
        "http://dl-learner.org/carcinogenesis#d323_14",
        "http://dl-learner.org/carcinogenesis#bond7803"
      ]
    },
    "RandomUnknown_27": {
      "positive_examples": [
        "http://dl-learner.org/carcinogenesis#bond8797",
        "http://dl-learner.org/carcinogenesis#d321_3",
        "http://dl-learner.org/carcinogenesis#d231_37",
        "http://dl-learner.org/carcinogenesis#d159_42",
        "http://dl-learner.org/carcinogenesis#bond577",
        "http://dl-learner.org/carcinogenesis#bond4734",
        "http://dl-learner.org/carcinogenesis#bond5593",
        "http://dl-learner.org/carcinogenesis#d13_14",
        "http://dl-learner.org/carcinogenesis#d320_16",
        "http://dl-learner.org/carcinogenesis#d72_5"
      ],
      "negative_examples": [
        "http://dl-learner.org/carcinogenesis#ether-598",
        "http://dl-learner.org/carcinogenesis#d336_9",
        "http://dl-learner.org/carcinogenesis#bond2527",
        "http://dl-learner.org/carcinogenesis#bond4715",
        "http://dl-learner.org/carcinogenesis#sulfide-2510",
        "http://dl-learner.org/carcinogenesis#d90_12",
        "http://dl-learner.org/carcinogenesis#d182_39",
        "http://dl-learner.org/carcinogenesis#d270_34",
        "http://dl-learner.org/carcinogenesis#bond5064",
        "http://dl-learner.org/carcinogenesis#bond5983"
      ]
    },
    "RandomUnknown_28": {
      "positive_examples": [
        "http://dl-learner.org/carcinogenesis#d213_3",
        "http://dl-learner.org/carcinogenesis#d183_38",
        "http://dl-learner.org/carcinogenesis#di10-3356",
        "http://dl-learner.org/carcinogenesis#bond2642",
        "http://dl-learner.org/carcinogenesis#d96_6",
        "http://dl-learner.org/carcinogenesis#bond5461",
        "http://dl-learner.org/carcinogenesis#d80_11",
        "http://dl-learner.org/carcinogenesis#d334_30",
        "http://dl-learner.org/carcinogenesis#amino-3206",
        "http://dl-learner.org/carcinogenesis#bond691"
      ],
      "negative_examples": [
        "http://dl-learner.org/carcinogenesis#bond3650",
        "http://dl-learner.org/carcinogenesis#bond5876",
        "http://dl-learner.org/carcinogenesis#six_ring-1203",
        "http://dl-learner.org/carcinogenesis#ester-573",
        "http://dl-learner.org/carcinogenesis#d186a_28",
        "http://dl-learner.org/carcinogenesis#bond3395",
        "http://dl-learner.org/carcinogenesis#d330_13",
        "http://dl-learner.org/carcinogenesis#bond1448",
        "http://dl-learner.org/carcinogenesis#bond3146",
        "http://dl-learner.org/carcinogenesis#bond3623"
      ]
    },
    "RandomUnknown_29": {
      "positive_examples": [
        "http://dl-learner.org/carcinogenesis#d5_15",
        "http://dl-learner.org/carcinogenesis#d71_13",
        "http://dl-learner.org/carcinogenesis#d135_26",
        "http://dl-learner.org/carcinogenesis#d36a_35",
        "http://dl-learner.org/carcinogenesis#bond7574",
        "http://dl-learner.org/carcinogenesis#bond6342",
        "http://dl-learner.org/carcinogenesis#bond6957",
        "http://dl-learner.org/carcinogenesis#d80_12",
        "http://dl-learner.org/carcinogenesis#bond3515",
        "http://dl-learner.org/carcinogenesis#alkyl_halide-1979"
      ],
      "negative_examples": [
        "http://dl-learner.org/carcinogenesis#bond5682",
        "http://dl-learner.org/carcinogenesis#d48",
        "http://dl-learner.org/carcinogenesis#d164_27",
        "http://dl-learner.org/carcinogenesis#bond2312",
        "http://dl-learner.org/carcinogenesis#d225a_22",
        "http://dl-learner.org/carcinogenesis#non_ar_6c_ring-891",
        "http://dl-learner.org/carcinogenesis#bond3036",
        "http://dl-learner.org/carcinogenesis#bond2088",
        "http://dl-learner.org/carcinogenesis#bond8494",
        "http://dl-learner.org/carcinogenesis#ar_halide-180"
      ]
    },
    "RandomUnknown_30": {
      "positive_examples": [
        "http://dl-learner.org/carcinogenesis#nitro-972",
        "http://dl-learner.org/carcinogenesis#d264_12",
        "http://dl-learner.org/carcinogenesis#d323_10",
        "http://dl-learner.org/carcinogenesis#d215_6",
        "http://dl-learner.org/carcinogenesis#bond3856",
        "http://dl-learner.org/carcinogenesis#bond3620",
        "http://dl-learner.org/carcinogenesis#di10-3374",
        "http://dl-learner.org/carcinogenesis#bond4359",
        "http://dl-learner.org/carcinogenesis#d216_10",
        "http://dl-learner.org/carcinogenesis#bond8061"
      ],
      "negative_examples": [
        "http://dl-learner.org/carcinogenesis#d206_15",
        "http://dl-learner.org/carcinogenesis#bond3242",
        "http://dl-learner.org/carcinogenesis#d208_2_18",
        "http://dl-learner.org/carcinogenesis#d74",
        "http://dl-learner.org/carcinogenesis#d20_16",
        "http://dl-learner.org/carcinogenesis#ar_halide-3082",
        "http://dl-learner.org/carcinogenesis#six_ring-1909",
        "http://dl-learner.org/carcinogenesis#bond7310",
        "http://dl-learner.org/carcinogenesis#bond4507",
        "http://dl-learner.org/carcinogenesis#d68_13"
      ]
    },
    "RandomUnknown_31": {
      "positive_examples": [
        "http://dl-learner.org/carcinogenesis#bond5156",
        "http://dl-learner.org/carcinogenesis#bond8080",
        "http://dl-learner.org/carcinogenesis#bond3673",
        "http://dl-learner.org/carcinogenesis#d40_23",
        "http://dl-learner.org/carcinogenesis#d297_166",
        "http://dl-learner.org/carcinogenesis#bond3302",
        "http://dl-learner.org/carcinogenesis#d243_7",
        "http://dl-learner.org/carcinogenesis#bond3199",
        "http://dl-learner.org/carcinogenesis#d144_64",
        "http://dl-learner.org/carcinogenesis#d204_8"
      ],
      "negative_examples": [
        "http://dl-learner.org/carcinogenesis#non_ar_6c_ring-1321",
        "http://dl-learner.org/carcinogenesis#ar_halide-2911",
        "http://dl-learner.org/carcinogenesis#bond8651",
        "http://dl-learner.org/carcinogenesis#bond6529",
        "http://dl-learner.org/carcinogenesis#d72_18",
        "http://dl-learner.org/carcinogenesis#bond2436",
        "http://dl-learner.org/carcinogenesis#bond14",
        "http://dl-learner.org/carcinogenesis#bond3589",
        "http://dl-learner.org/carcinogenesis#bond8844",
        "http://dl-learner.org/carcinogenesis#d78_21"
      ]
    },
    "RandomUnknown_32": {
      "positive_examples": [
        "http://dl-learner.org/carcinogenesis#d179",
        "http://dl-learner.org/carcinogenesis#d107d_13",
        "http://dl-learner.org/carcinogenesis#d327_10",
        "http://dl-learner.org/carcinogenesis#d7_18",
        "http://dl-learner.org/carcinogenesis#methyl-1131",
        "http://dl-learner.org/carcinogenesis#bond5606",
        "http://dl-learner.org/carcinogenesis#bond6669",
        "http://dl-learner.org/carcinogenesis#methyl-850",
        "http://dl-learner.org/carcinogenesis#d142_5",
        "http://dl-learner.org/carcinogenesis#d52_23"
      ],
      "negative_examples": [
        "http://dl-learner.org/carcinogenesis#d115",
        "http://dl-learner.org/carcinogenesis#d187_13",
        "http://dl-learner.org/carcinogenesis#bond1047",
        "http://dl-learner.org/carcinogenesis#methyl-2083",
        "http://dl-learner.org/carcinogenesis#methanol-3807",
        "http://dl-learner.org/carcinogenesis#d107d_23",
        "http://dl-learner.org/carcinogenesis#d142_4",
        "http://dl-learner.org/carcinogenesis#halide10-3651",
        "http://dl-learner.org/carcinogenesis#ar_halide-2907",
        "http://dl-learner.org/carcinogenesis#d126_12"
      ]
    },
    "RandomUnknown_33": {
      "positive_examples": [
        "http://dl-learner.org/carcinogenesis#ar_halide-271",
        "http://dl-learner.org/carcinogenesis#d156_14",
        "http://dl-learner.org/carcinogenesis#d313_23",
        "http://dl-learner.org/carcinogenesis#methyl-1995",
        "http://dl-learner.org/carcinogenesis#d187_22",
        "http://dl-learner.org/carcinogenesis#bond164",
        "http://dl-learner.org/carcinogenesis#bond783",
        "http://dl-learner.org/carcinogenesis#bond739",
        "http://dl-learner.org/carcinogenesis#d160_15",
        "http://dl-learner.org/carcinogenesis#bond3516"
      ],
      "negative_examples": [
        "http://dl-learner.org/carcinogenesis#d39",
        "http://dl-learner.org/carcinogenesis#bond455",
        "http://dl-learner.org/carcinogenesis#bond2165",
        "http://dl-learner.org/carcinogenesis#d311_22",
        "http://dl-learner.org/carcinogenesis#d76_30",
        "http://dl-learner.org/carcinogenesis#six_ring-1543",
        "http://dl-learner.org/carcinogenesis#d88_7",
        "http://dl-learner.org/carcinogenesis#bond1787",
        "http://dl-learner.org/carcinogenesis#d13_33",
        "http://dl-learner.org/carcinogenesis#d269_24"
      ]
    },
    "RandomUnknown_34": {
      "positive_examples": [
        "http://dl-learner.org/carcinogenesis#d293_2",
        "http://dl-learner.org/carcinogenesis#d236_2",
        "http://dl-learner.org/carcinogenesis#bond5680",
        "http://dl-learner.org/carcinogenesis#d106_2",
        "http://dl-learner.org/carcinogenesis#d128_22",
        "http://dl-learner.org/carcinogenesis#bond3656",
        "http://dl-learner.org/carcinogenesis#d170_15",
        "http://dl-learner.org/carcinogenesis#bond7459",
        "http://dl-learner.org/carcinogenesis#bond8691",
        "http://dl-learner.org/carcinogenesis#bond7817"
      ],
      "negative_examples": [
        "http://dl-learner.org/carcinogenesis#six_ring-2412",
        "http://dl-learner.org/carcinogenesis#bond8107",
        "http://dl-learner.org/carcinogenesis#ether-1973",
        "http://dl-learner.org/carcinogenesis#d48_5",
        "http://dl-learner.org/carcinogenesis#d32b_1",
        "http://dl-learner.org/carcinogenesis#d297_7",
        "http://dl-learner.org/carcinogenesis#bond210",
        "http://dl-learner.org/carcinogenesis#methyl-2142",
        "http://dl-learner.org/carcinogenesis#d108_6",
        "http://dl-learner.org/carcinogenesis#d298_12"
      ]
    },
    "RandomUnknown_35": {
      "positive_examples": [
        "http://dl-learner.org/carcinogenesis#bond7250",
        "http://dl-learner.org/carcinogenesis#bond5977",
        "http://dl-learner.org/carcinogenesis#d204_2",
        "http://dl-learner.org/carcinogenesis#d160_5",
        "http://dl-learner.org/carcinogenesis#d206_13",
        "http://dl-learner.org/carcinogenesis#d246_59",
        "http://dl-learner.org/carcinogenesis#d67_7",
        "http://dl-learner.org/carcinogenesis#d56_5",
        "http://dl-learner.org/carcinogenesis#d116_5",
        "http://dl-learner.org/carcinogenesis#d255"
      ],
      "negative_examples": [
        "http://dl-learner.org/carcinogenesis#d267_2",
        "http://dl-learner.org/carcinogenesis#bond34",
        "http://dl-learner.org/carcinogenesis#bond3396",
        "http://dl-learner.org/carcinogenesis#d149_10",
        "http://dl-learner.org/carcinogenesis#d146_35",
        "http://dl-learner.org/carcinogenesis#alkyl_halide-2919",
        "http://dl-learner.org/carcinogenesis#bond1326",
        "http://dl-learner.org/carcinogenesis#d170",
        "http://dl-learner.org/carcinogenesis#bond698",
        "http://dl-learner.org/carcinogenesis#bond2632"
      ]
    },
    "RandomUnknown_36": {
      "positive_examples": [
        "http://dl-learner.org/carcinogenesis#d199_10",
        "http://dl-learner.org/carcinogenesis#bond4226",
        "http://dl-learner.org/carcinogenesis#bond34",
        "http://dl-learner.org/carcinogenesis#bond6830",
        "http://dl-learner.org/carcinogenesis#d210_13",
        "http://dl-learner.org/carcinogenesis#d174_8",
        "http://dl-learner.org/carcinogenesis#d77_27",
        "http://dl-learner.org/carcinogenesis#d170_7",
        "http://dl-learner.org/carcinogenesis#d59_5",
        "http://dl-learner.org/carcinogenesis#bond955"
      ],
      "negative_examples": [
        "http://dl-learner.org/carcinogenesis#bond1846",
        "http://dl-learner.org/carcinogenesis#bond5245",
        "http://dl-learner.org/carcinogenesis#bond7269",
        "http://dl-learner.org/carcinogenesis#bond7979",
        "http://dl-learner.org/carcinogenesis#ether-2065",
        "http://dl-learner.org/carcinogenesis#d289_5",
        "http://dl-learner.org/carcinogenesis#bond3189",
        "http://dl-learner.org/carcinogenesis#d107d_53",
        "http://dl-learner.org/carcinogenesis#d122_12",
        "http://dl-learner.org/carcinogenesis#d110_5"
      ]
    },
    "RandomUnknown_37": {
      "positive_examples": [
        "http://dl-learner.org/carcinogenesis#d337_1",
        "http://dl-learner.org/carcinogenesis#methyl-686",
        "http://dl-learner.org/carcinogenesis#d254_13",
        "http://dl-learner.org/carcinogenesis#d27_19",
        "http://dl-learner.org/carcinogenesis#bond1699",
        "http://dl-learner.org/carcinogenesis#non_ar_6c_ring-1188",
        "http://dl-learner.org/carcinogenesis#bond3897",
        "http://dl-learner.org/carcinogenesis#d184_6",
        "http://dl-learner.org/carcinogenesis#d206_7",
        "http://dl-learner.org/carcinogenesis#d139_30"
      ],
      "negative_examples": [
        "http://dl-learner.org/carcinogenesis#d57_6",
        "http://dl-learner.org/carcinogenesis#bond1628",
        "http://dl-learner.org/carcinogenesis#bond6210",
        "http://dl-learner.org/carcinogenesis#bond1548",
        "http://dl-learner.org/carcinogenesis#bond7122",
        "http://dl-learner.org/carcinogenesis#bond1603",
        "http://dl-learner.org/carcinogenesis#d100_16",
        "http://dl-learner.org/carcinogenesis#bond923",
        "http://dl-learner.org/carcinogenesis#bond2256",
        "http://dl-learner.org/carcinogenesis#d107c_67"
      ]
    },
    "RandomUnknown_38": {
      "positive_examples": [
        "http://dl-learner.org/carcinogenesis#methanol-3788",
        "http://dl-learner.org/carcinogenesis#d234_3",
        "http://dl-learner.org/carcinogenesis#d124_4",
        "http://dl-learner.org/carcinogenesis#d298_16",
        "http://dl-learner.org/carcinogenesis#d240_6",
        "http://dl-learner.org/carcinogenesis#d315_8",
        "http://dl-learner.org/carcinogenesis#bond6095",
        "http://dl-learner.org/carcinogenesis#bond8601",
        "http://dl-learner.org/carcinogenesis#five_ring-783",
        "http://dl-learner.org/carcinogenesis#d261_13"
      ],
      "negative_examples": [
        "http://dl-learner.org/carcinogenesis#d113_18",
        "http://dl-learner.org/carcinogenesis#d66_35",
        "http://dl-learner.org/carcinogenesis#di23-3420",
        "http://dl-learner.org/carcinogenesis#ketone-2109",
        "http://dl-learner.org/carcinogenesis#bond6664",
        "http://dl-learner.org/carcinogenesis#bond6581",
        "http://dl-learner.org/carcinogenesis#six_ring-2380",
        "http://dl-learner.org/carcinogenesis#d208_2_73",
        "http://dl-learner.org/carcinogenesis#d210_15",
        "http://dl-learner.org/carcinogenesis#di10-3298"
      ]
    },
    "RandomUnknown_39": {
      "positive_examples": [
        "http://dl-learner.org/carcinogenesis#bond697",
        "http://dl-learner.org/carcinogenesis#amino-3154",
        "http://dl-learner.org/carcinogenesis#d146_42",
        "http://dl-learner.org/carcinogenesis#ar_halide-370",
        "http://dl-learner.org/carcinogenesis#ether-450",
        "http://dl-learner.org/carcinogenesis#d304a_2",
        "http://dl-learner.org/carcinogenesis#d123_3",
        "http://dl-learner.org/carcinogenesis#d185_2",
        "http://dl-learner.org/carcinogenesis#sulfide-1262",
        "http://dl-learner.org/carcinogenesis#bond7112"
      ],
      "negative_examples": [
        "http://dl-learner.org/carcinogenesis#d90_1",
        "http://dl-learner.org/carcinogenesis#bond7521",
        "http://dl-learner.org/carcinogenesis#d333_2",
        "http://dl-learner.org/carcinogenesis#bond7401",
        "http://dl-learner.org/carcinogenesis#bond6347",
        "http://dl-learner.org/carcinogenesis#d263_6",
        "http://dl-learner.org/carcinogenesis#d220a_15",
        "http://dl-learner.org/carcinogenesis#d117_13",
        "http://dl-learner.org/carcinogenesis#bond4821",
        "http://dl-learner.org/carcinogenesis#non_ar_5c_ring-1679"
      ]
    },
    "RandomUnknown_40": {
      "positive_examples": [
        "http://dl-learner.org/carcinogenesis#d155_53",
        "http://dl-learner.org/carcinogenesis#d77_7",
        "http://dl-learner.org/carcinogenesis#d171_6",
        "http://dl-learner.org/carcinogenesis#bond1384",
        "http://dl-learner.org/carcinogenesis#bond2550",
        "http://dl-learner.org/carcinogenesis#d133_9",
        "http://dl-learner.org/carcinogenesis#bond1039",
        "http://dl-learner.org/carcinogenesis#d186a_50",
        "http://dl-learner.org/carcinogenesis#bond267",
        "http://dl-learner.org/carcinogenesis#d217_14"
      ],
      "negative_examples": [
        "http://dl-learner.org/carcinogenesis#ar_halide-216",
        "http://dl-learner.org/carcinogenesis#d15_4",
        "http://dl-learner.org/carcinogenesis#bond8594",
        "http://dl-learner.org/carcinogenesis#d136_22",
        "http://dl-learner.org/carcinogenesis#d200_4",
        "http://dl-learner.org/carcinogenesis#bond8700",
        "http://dl-learner.org/carcinogenesis#bond1927",
        "http://dl-learner.org/carcinogenesis#bond2025",
        "http://dl-learner.org/carcinogenesis#d195",
        "http://dl-learner.org/carcinogenesis#d66_53"
      ]
    },
    "RandomUnknown_41": {
      "positive_examples": [
        "http://dl-learner.org/carcinogenesis#bond8949",
        "http://dl-learner.org/carcinogenesis#d100_20",
        "http://dl-learner.org/carcinogenesis#d84a_30",
        "http://dl-learner.org/carcinogenesis#bond8564",
        "http://dl-learner.org/carcinogenesis#bond4521",
        "http://dl-learner.org/carcinogenesis#sulfide-1863",
        "http://dl-learner.org/carcinogenesis#amino-3158",
        "http://dl-learner.org/carcinogenesis#non_ar_hetero_5_ring-394",
        "http://dl-learner.org/carcinogenesis#d6_14",
        "http://dl-learner.org/carcinogenesis#d195_2"
      ],
      "negative_examples": [
        "http://dl-learner.org/carcinogenesis#d143_11",
        "http://dl-learner.org/carcinogenesis#bond2552",
        "http://dl-learner.org/carcinogenesis#bond5050",
        "http://dl-learner.org/carcinogenesis#d5_1",
        "http://dl-learner.org/carcinogenesis#bond4529",
        "http://dl-learner.org/carcinogenesis#d332_10",
        "http://dl-learner.org/carcinogenesis#amino-3211",
        "http://dl-learner.org/carcinogenesis#d259_3",
        "http://dl-learner.org/carcinogenesis#d322_60",
        "http://dl-learner.org/carcinogenesis#bond7862"
      ]
    },
    "RandomUnknown_42": {
      "positive_examples": [
        "http://dl-learner.org/carcinogenesis#imine-1992",
        "http://dl-learner.org/carcinogenesis#d140_26",
        "http://dl-learner.org/carcinogenesis#d36a_3",
        "http://dl-learner.org/carcinogenesis#d157_32",
        "http://dl-learner.org/carcinogenesis#d102_5",
        "http://dl-learner.org/carcinogenesis#bond7407",
        "http://dl-learner.org/carcinogenesis#d183_22",
        "http://dl-learner.org/carcinogenesis#d34_3",
        "http://dl-learner.org/carcinogenesis#d107d_3",
        "http://dl-learner.org/carcinogenesis#d24_14"
      ],
      "negative_examples": [
        "http://dl-learner.org/carcinogenesis#d51_6",
        "http://dl-learner.org/carcinogenesis#bond4360",
        "http://dl-learner.org/carcinogenesis#d312_1",
        "http://dl-learner.org/carcinogenesis#six_ring-2963",
        "http://dl-learner.org/carcinogenesis#bond6766",
        "http://dl-learner.org/carcinogenesis#bond4319",
        "http://dl-learner.org/carcinogenesis#bond8061",
        "http://dl-learner.org/carcinogenesis#d297_1",
        "http://dl-learner.org/carcinogenesis#bond1723",
        "http://dl-learner.org/carcinogenesis#d156_38"
      ]
    },
    "RandomUnknown_43": {
      "positive_examples": [
        "http://dl-learner.org/carcinogenesis#d21_4",
        "http://dl-learner.org/carcinogenesis#bond1428",
        "http://dl-learner.org/carcinogenesis#bond802",
        "http://dl-learner.org/carcinogenesis#bond538",
        "http://dl-learner.org/carcinogenesis#bond6921",
        "http://dl-learner.org/carcinogenesis#imine-1993",
        "http://dl-learner.org/carcinogenesis#d177_35",
        "http://dl-learner.org/carcinogenesis#bond652",
        "http://dl-learner.org/carcinogenesis#bond2453",
        "http://dl-learner.org/carcinogenesis#six_ring-1168"
      ],
      "negative_examples": [
        "http://dl-learner.org/carcinogenesis#bond3969",
        "http://dl-learner.org/carcinogenesis#d130_17",
        "http://dl-learner.org/carcinogenesis#d313_15",
        "http://dl-learner.org/carcinogenesis#bond219",
        "http://dl-learner.org/carcinogenesis#d208_2_32",
        "http://dl-learner.org/carcinogenesis#ketone-577",
        "http://dl-learner.org/carcinogenesis#bond422",
        "http://dl-learner.org/carcinogenesis#d270_22",
        "http://dl-learner.org/carcinogenesis#bond1575",
        "http://dl-learner.org/carcinogenesis#d22_18"
      ]
    },
    "RandomUnknown_44": {
      "positive_examples": [
        "http://dl-learner.org/carcinogenesis#d89_12",
        "http://dl-learner.org/carcinogenesis#ar_halide-2897",
        "http://dl-learner.org/carcinogenesis#d210_26",
        "http://dl-learner.org/carcinogenesis#d281_4",
        "http://dl-learner.org/carcinogenesis#d9_13",
        "http://dl-learner.org/carcinogenesis#non_ar_6c_ring-557",
        "http://dl-learner.org/carcinogenesis#bond996",
        "http://dl-learner.org/carcinogenesis#d58_23",
        "http://dl-learner.org/carcinogenesis#d62_16",
        "http://dl-learner.org/carcinogenesis#bond1049"
      ],
      "negative_examples": [
        "http://dl-learner.org/carcinogenesis#non_ar_hetero_6_ring-1653",
        "http://dl-learner.org/carcinogenesis#bond8068",
        "http://dl-learner.org/carcinogenesis#bond5009",
        "http://dl-learner.org/carcinogenesis#d188a_12",
        "http://dl-learner.org/carcinogenesis#amine-1331",
        "http://dl-learner.org/carcinogenesis#ketone-1037",
        "http://dl-learner.org/carcinogenesis#bond537",
        "http://dl-learner.org/carcinogenesis#d334_17",
        "http://dl-learner.org/carcinogenesis#bond1207",
        "http://dl-learner.org/carcinogenesis#d177_54"
      ]
    },
    "RandomUnknown_45": {
      "positive_examples": [
        "http://dl-learner.org/carcinogenesis#six_ring-2236",
        "http://dl-learner.org/carcinogenesis#d260_12",
        "http://dl-learner.org/carcinogenesis#bond1087",
        "http://dl-learner.org/carcinogenesis#d154_5",
        "http://dl-learner.org/carcinogenesis#d135_59",
        "http://dl-learner.org/carcinogenesis#methyl-1772",
        "http://dl-learner.org/carcinogenesis#bond5376",
        "http://dl-learner.org/carcinogenesis#six_ring-2563",
        "http://dl-learner.org/carcinogenesis#d139_4",
        "http://dl-learner.org/carcinogenesis#methyl-2561"
      ],
      "negative_examples": [
        "http://dl-learner.org/carcinogenesis#d173_53",
        "http://dl-learner.org/carcinogenesis#bond1265",
        "http://dl-learner.org/carcinogenesis#d269_38",
        "http://dl-learner.org/carcinogenesis#bond5147",
        "http://dl-learner.org/carcinogenesis#d266_37",
        "http://dl-learner.org/carcinogenesis#d231_54",
        "http://dl-learner.org/carcinogenesis#bond2101",
        "http://dl-learner.org/carcinogenesis#bond9035",
        "http://dl-learner.org/carcinogenesis#methyl-619",
        "http://dl-learner.org/carcinogenesis#d177_52"
      ]
    },
    "RandomUnknown_46": {
      "positive_examples": [
        "http://dl-learner.org/carcinogenesis#bond3832",
        "http://dl-learner.org/carcinogenesis#five_ring-947",
        "http://dl-learner.org/carcinogenesis#d208_2_68",
        "http://dl-learner.org/carcinogenesis#non_ar_6c_ring-2038",
        "http://dl-learner.org/carcinogenesis#ether-1884",
        "http://dl-learner.org/carcinogenesis#bond577",
        "http://dl-learner.org/carcinogenesis#d250_11",
        "http://dl-learner.org/carcinogenesis#d85_1_17",
        "http://dl-learner.org/carcinogenesis#d96_13",
        "http://dl-learner.org/carcinogenesis#d12"
      ],
      "negative_examples": [
        "http://dl-learner.org/carcinogenesis#non_ar_6c_ring-2533",
        "http://dl-learner.org/carcinogenesis#d220b_3",
        "http://dl-learner.org/carcinogenesis#non_ar_6c_ring-1377",
        "http://dl-learner.org/carcinogenesis#d72_2",
        "http://dl-learner.org/carcinogenesis#bond3826",
        "http://dl-learner.org/carcinogenesis#d89_17",
        "http://dl-learner.org/carcinogenesis#alcohol-11",
        "http://dl-learner.org/carcinogenesis#d76",
        "http://dl-learner.org/carcinogenesis#bond5779",
        "http://dl-learner.org/carcinogenesis#methyl-873"
      ]
    },
    "RandomUnknown_47": {
      "positive_examples": [
        "http://dl-learner.org/carcinogenesis#d154_17",
        "http://dl-learner.org/carcinogenesis#bond8765",
        "http://dl-learner.org/carcinogenesis#bond5670",
        "http://dl-learner.org/carcinogenesis#ether-3108",
        "http://dl-learner.org/carcinogenesis#d53_17",
        "http://dl-learner.org/carcinogenesis#d288",
        "http://dl-learner.org/carcinogenesis#bond2200",
        "http://dl-learner.org/carcinogenesis#d143_3",
        "http://dl-learner.org/carcinogenesis#bond7808",
        "http://dl-learner.org/carcinogenesis#d54_9"
      ],
      "negative_examples": [
        "http://dl-learner.org/carcinogenesis#d323_36",
        "http://dl-learner.org/carcinogenesis#amino-3156",
        "http://dl-learner.org/carcinogenesis#d164_35",
        "http://dl-learner.org/carcinogenesis#d11_17",
        "http://dl-learner.org/carcinogenesis#d54_25",
        "http://dl-learner.org/carcinogenesis#d161_39",
        "http://dl-learner.org/carcinogenesis#bond6051",
        "http://dl-learner.org/carcinogenesis#bond7438",
        "http://dl-learner.org/carcinogenesis#d318_35",
        "http://dl-learner.org/carcinogenesis#bond9025"
      ]
    },
    "RandomUnknown_48": {
      "positive_examples": [
        "http://dl-learner.org/carcinogenesis#bond2816",
        "http://dl-learner.org/carcinogenesis#d278_31",
        "http://dl-learner.org/carcinogenesis#d32a_16",
        "http://dl-learner.org/carcinogenesis#bond2533",
        "http://dl-learner.org/carcinogenesis#bond7628",
        "http://dl-learner.org/carcinogenesis#d152_22",
        "http://dl-learner.org/carcinogenesis#d39_11",
        "http://dl-learner.org/carcinogenesis#d189_12",
        "http://dl-learner.org/carcinogenesis#bond8995",
        "http://dl-learner.org/carcinogenesis#bond6271"
      ],
      "negative_examples": [
        "http://dl-learner.org/carcinogenesis#bond8346",
        "http://dl-learner.org/carcinogenesis#bond900",
        "http://dl-learner.org/carcinogenesis#di10-3367",
        "http://dl-learner.org/carcinogenesis#d289_10",
        "http://dl-learner.org/carcinogenesis#bond2911",
        "http://dl-learner.org/carcinogenesis#bond7937",
        "http://dl-learner.org/carcinogenesis#d147_68",
        "http://dl-learner.org/carcinogenesis#bond532",
        "http://dl-learner.org/carcinogenesis#bond4196",
        "http://dl-learner.org/carcinogenesis#bond5741"
      ]
    },
    "RandomUnknown_49": {
      "positive_examples": [
        "http://dl-learner.org/carcinogenesis#bond3552",
        "http://dl-learner.org/carcinogenesis#bond2956",
        "http://dl-learner.org/carcinogenesis#methoxy-2348",
        "http://dl-learner.org/carcinogenesis#d33_13",
        "http://dl-learner.org/carcinogenesis#d151_24",
        "http://dl-learner.org/carcinogenesis#bond7528",
        "http://dl-learner.org/carcinogenesis#alcohol-158",
        "http://dl-learner.org/carcinogenesis#d2_23",
        "http://dl-learner.org/carcinogenesis#d312_21",
        "http://dl-learner.org/carcinogenesis#five_ring-1048"
      ],
      "negative_examples": [
        "http://dl-learner.org/carcinogenesis#bond7848",
        "http://dl-learner.org/carcinogenesis#bond2066",
        "http://dl-learner.org/carcinogenesis#six_ring-1338",
        "http://dl-learner.org/carcinogenesis#d191_13",
        "http://dl-learner.org/carcinogenesis#ketone-553",
        "http://dl-learner.org/carcinogenesis#d133_5",
        "http://dl-learner.org/carcinogenesis#six_ring-1395",
        "http://dl-learner.org/carcinogenesis#d195_6",
        "http://dl-learner.org/carcinogenesis#bond3783",
        "http://dl-learner.org/carcinogenesis#bond462"
      ]
    }
  }
}